{"type":"FeatureCollection","name":"grands_bassins_ultra_leger","crs":{"type":"name","properties":{"name":"urn:ogc:def:crs:OGC:1.3:CRS84"}},"features":[{"type":"Feature","properties":{},"geometry":{"type":"Polygon","coordinates":[[[2.1335,49.6062],[2.093,49.5943],[2.0666,49.5972],[2.0091,49.6122],[2.0029,49.6186],[2.0061,49.6299],[1.9602,49.6344],[1.9143,49.6591],[1.8978,49.6546],[1.8739,49.6654],[1.8012,49.6752],[1.7982,49.6861],[1.8068,49.6976],[1.7985,49.7094],[1.8176,49.7223],[1.8109,49.7333],[1.8166,49.7405],[1.7987,49.7472],[1.8251,49.7697],[1.8661,49.7743],[1.9538,49.8134],[1.9557,49.8214],[1.7115,49.9077],[1.7052,49.9198],[1.7224,49.9291],[1.742,49.9552],[1.7645,49.9571],[1.7674,49.9665],[1.7285,50.011],[1.6685,50.0281],[1.6491,50.0241],[1.6134,50.0418],[1.5271,50.0524],[1.4701,50.0762],[1.4417,50.0797],[1.4339,50.0955],[1.4543,50.1107],[1.4924,50.1849],[1.5279,50.2082],[1.5686,50.2172],[1.558,50.209],[1.5929,50.1844],[1.6241,50.1909],[1.643,50.1857],[1.6466,50.177],[1.6448,50.1831],[1.6656,50.1778],[1.6582,50.1746],[1.6746,50.1749],[1.6882,50.1881],[1.6762,50.1945],[1.6864,50.2002],[1.6779,50.2086],[1.6431,50.2193],[1.6234,50.2141],[1.5935,50.2444],[1.5946,50.2578],[1.5512,50.2592],[1.5383,50.2792],[1.556,50.3615],[1.6131,50.3605],[1.625,50.3664],[1.6267,50.3599],[1.6365,50.3538],[1.645,50.3505],[1.6272,50.371],[1.5832,50.3762],[1.5682,50.3941],[1.5559,50.3971],[1.5668,50.4259],[1.5831,50.5348],[1.5895,50.5395],[1.5987,50.527],[1.6384,50.5091],[1.6624,50.5067],[1.6287,50.5182],[1.6187,50.5368],[1.6086,50.5362],[1.578,50.5684],[1.5786,50.6401],[1.5605,50.6993],[1.5735,50.7163],[1.5623,50.725],[1.5746,50.728],[1.5711,50.7197],[1.5756,50.7173],[1.586,50.7314],[1.5906,50.7285],[1.5816,50.7236],[1.5984,50.723],[1.595,50.7282],[1.6023,50.7217],[1.5981,50.7278],[1.5911,50.7306],[1.5934,50.7509],[1.6056,50.7675],[1.6031,50.8031],[1.6148,50.8035],[1.5999,50.806],[1.5888,50.8252],[1.5779,50.853],[1.5819,50.871],[1.6439,50.8796],[1.712,50.9293],[1.7653,50.9504],[1.8712,50.9751],[1.8895,50.9724],[1.9151,50.9841],[2.0426,50.9972],[2.0839,51.0087],[2.1027,51.0061],[2.1201,50.9853],[2.1228,50.991],[2.1079,51.0042],[2.1446,51.0213],[2.1487,51.0344],[2.1531,51.0199],[2.1691,51.0222],[2.1783,51.0005],[2.1785,51.016],[2.2537,51.0394],[2.1784,51.0197],[2.1745,51.0232],[2.1931,51.0276],[2.1952,51.0366],[2.1659,51.0444],[2.2141,51.0317],[2.3498,51.0607],[2.3816,51.0486],[2.546,51.0894],[2.5629,51.0646],[2.5741,51.0033],[2.6069,50.9909],[2.6107,50.9736],[2.6327,50.946],[2.5901,50.9193],[2.6081,50.9102],[2.6041,50.8863],[2.6128,50.8676],[2.5991,50.8488],[2.6164,50.8478],[2.635,50.8128],[2.6576,50.8136],[2.6693,50.8225],[2.6788,50.8133],[2.7243,50.8099],[2.7258,50.7924],[2.7425,50.7809],[2.7461,50.7676],[2.7831,50.7507],[2.7902,50.7252],[2.8195,50.7154],[2.8484,50.7229],[2.8701,50.7029],[2.8859,50.7068],[2.906,50.6924],[2.9094,50.7026],[2.9288,50.7089],[2.9317,50.7284],[2.9451,50.7316],[2.9379,50.7441],[2.952,50.7521],[2.973,50.7503],[3.0147,50.774],[3.0341,50.7698],[3.0543,50.7803],[3.0873,50.773],[3.1115,50.7943],[3.1251,50.7864],[3.1498,50.7906],[3.1991,50.7347],[3.1912,50.7244],[3.2084,50.7187],[3.2051,50.7124],[3.2457,50.7132],[3.2611,50.7016],[3.2614,50.6916],[3.2534,50.6893],[3.2654,50.6768],[3.2413,50.6687],[3.2401,50.6586],[3.249,50.6493],[3.2444,50.6406],[3.259,50.6301],[3.2552,50.6226],[3.2795,50.5956],[3.2779,50.5643],[3.2854,50.5615],[3.2761,50.5583],[3.2877,50.5264],[3.3208,50.5187],[3.3297,50.5079],[3.3617,50.5038],[3.3773,50.4909],[3.4351,50.5097],[3.4492,50.5066],[3.4537,50.5191],[3.474,50.5336],[3.5199,50.5237],[3.4963,50.4987],[3.501,50.487],[3.569,50.5008],[3.5853,50.4905],[3.6073,50.4969],[3.6391,50.4656],[3.6642,50.4532],[3.6592,50.4451],[3.6696,50.4373],[3.6737,50.3897],[3.6571,50.3696],[3.6669,50.3622],[3.6649,50.347],[3.6774,50.3411],[3.6748,50.333],[3.694,50.3215],[3.6842,50.3202],[3.7103,50.3031],[3.7197,50.3048],[3.7092,50.319],[3.7315,50.3113],[3.7349,50.3434],[3.7468,50.3509],[3.8046,50.3558],[3.8155,50.3448],[3.8242,50.3534],[3.8474,50.3531],[3.8711,50.3383],[3.8879,50.341],[3.8861,50.3271],[3.9,50.3273],[3.968,50.3503],[3.9664,50.3408],[3.9729,50.3477],[3.9859,50.3421],[4.0246,50.3589],[4.037,50.3433],[4.0782,50.3206],[4.0788,50.3093],[4.0972,50.3132],[4.1097,50.3018],[4.1173,50.3043],[4.1241,50.2733],[4.1369,50.2744],[4.1354,50.2572],[4.1676,50.2597],[4.1635,50.272],[4.1494,50.2754],[4.163,50.2889],[4.1767,50.2844],[4.1773,50.2755],[4.2075,50.2731],[4.2219,50.257],[4.2048,50.2399],[4.1817,50.2316],[4.1719,50.2171],[4.1507,50.2133],[4.1604,50.2025],[4.1493,50.1741],[4.1559,50.1643],[4.1269,50.1349],[4.1542,50.1284],[4.1575,50.1355],[4.2001,50.1336],[4.2038,50.1157],[4.1969,50.1075],[4.2069,50.1055],[4.2012,50.1008],[4.2249,50.0856],[4.231,50.0725],[4.2214,50.0627],[4.1935,50.0494],[4.1622,50.049],[4.1408,50.0256],[4.1035,50.0157],[4.0681,49.9873],[4.0354,49.9923],[4.0195,49.9857],[4.0142,49.9682],[3.9051,49.9878],[3.8865,49.9952],[3.8832,50.0109],[3.8439,50.0293],[3.7547,50.0315],[3.7176,50.0285],[3.6696,50.0064],[3.6349,50.006],[3.62,49.9909],[3.5551,49.9777],[3.5527,49.9561],[3.5175,49.9417],[3.5215,49.9374],[3.5113,49.9207],[3.4568,49.8965],[3.4456,49.8982],[3.4082,49.866],[3.4178,49.86],[3.4136,49.8522],[3.3661,49.8292],[3.3797,49.8197],[3.3318,49.8066],[3.3101,49.7889],[3.3167,49.7682],[3.3012,49.7588],[3.3056,49.7549],[3.2915,49.7307],[3.2555,49.7248],[3.2433,49.7331],[3.2249,49.7309],[3.211,49.6995],[3.1819,49.6867],[3.1211,49.6733],[3.0901,49.6794],[3.0871,49.6888],[3.0765,49.6914],[3.0462,49.6758],[3.0027,49.674],[2.9841,49.647],[2.9603,49.637],[2.9505,49.6426],[2.9507,49.6526],[2.9184,49.6731],[2.8847,49.6517],[2.8765,49.6255],[2.8316,49.6147],[2.7931,49.622],[2.7887,49.632],[2.7502,49.6351],[2.6246,49.5781],[2.6106,49.5586],[2.6189,49.5494],[2.6111,49.5468],[2.5601,49.5441],[2.5565,49.5512],[2.5133,49.5576],[2.4749,49.5521],[2.4508,49.561],[2.4355,49.5532],[2.4204,49.5644],[2.3927,49.5606],[2.3798,49.572],[2.3363,49.578],[2.2949,49.5573],[2.2511,49.569],[2.2093,49.5622],[2.1521,49.5888],[2.1335,49.6062]]]}},{"type":"Feature","properties":{},"geometry":{"type":"Polygon","coordinates":[[[5.3366,48.9608],[5.3246,48.9783],[5.2739,48.995],[5.3112,49.0144],[5.3212,49.048],[5.3129,49.0604],[5.2846,49.0641],[5.2853,49.0971],[5.2703,49.0969],[5.2596,49.1089],[5.2638,49.1243],[5.2464,49.1335],[5.2467,49.1519],[5.1967,49.1788],[5.2036,49.1892],[5.1899,49.2019],[5.1913,49.216],[5.1717,49.2171],[5.1596,49.2386],[5.1662,49.2676],[5.1238,49.272],[5.0797,49.2886],[5.074,49.3164],[5.0589,49.325],[5.0672,49.3301],[5.06,49.3496],[5.0651,49.3641],[5.0738,49.3664],[5.0662,49.3819],[5.0774,49.4004],[5.0631,49.3986],[5.0198,49.4235],[5.013,49.4484],[5.0181,49.4555],[4.9798,49.4732],[4.9454,49.4582],[4.9442,49.4452],[4.9217,49.4251],[4.8981,49.4262],[4.8789,49.4222],[4.8781,49.4111],[4.8626,49.4134],[4.8589,49.4055],[4.8654,49.3982],[4.833,49.3953],[4.8313,49.4075],[4.8049,49.4069],[4.8018,49.4282],[4.8268,49.4431],[4.8289,49.4642],[4.7977,49.4754],[4.7777,49.4732],[4.7764,49.4642],[4.7358,49.4754],[4.7333,49.4822],[4.7437,49.488],[4.7361,49.5004],[4.7397,49.5108],[4.7608,49.5304],[4.7472,49.5485],[4.733,49.5505],[4.6831,49.5832],[4.66,49.5845],[4.6509,49.6188],[4.6395,49.6286],[4.5913,49.6272],[4.5861,49.6359],[4.5646,49.6273],[4.5515,49.6307],[4.5513,49.64],[4.5141,49.6349],[4.4947,49.6473],[4.4955,49.6623],[4.4633,49.6688],[4.4534,49.6797],[4.453,49.7091],[4.4268,49.7176],[4.4343,49.7397],[4.3642,49.7431],[4.3585,49.7784],[4.3833,49.7869],[4.4218,49.8276],[4.372,49.8345],[4.3731,49.8441],[4.3514,49.868],[4.3644,49.88],[4.3479,49.9056],[4.3785,49.9174],[4.3968,49.9106],[4.4516,49.919],[4.4369,49.9313],[4.3796,49.9347],[4.3293,49.9528],[4.3415,49.9585],[4.3502,49.9521],[4.3812,49.9545],[4.4458,49.9372],[4.5236,49.9504],[4.5409,49.9693],[4.5643,49.9702],[4.5821,49.9836],[4.6931,49.9952],[4.6846,50.0273],[4.6997,50.0536],[4.6802,50.0665],[4.693,50.0847],[4.7026,50.0958],[4.7513,50.1117],[4.7478,50.1223],[4.756,50.1216],[4.7622,50.1364],[4.8054,50.1524],[4.825,50.1691],[4.8322,50.1532],[4.8757,50.154],[4.8812,50.1413],[4.8971,50.1378],[4.8672,50.1187],[4.8721,50.0877],[4.8549,50.101],[4.8376,50.0937],[4.8467,50.0835],[4.8405,50.0828],[4.8379,50.0671],[4.8186,50.0618],[4.8411,50.0386],[4.8195,50.0259],[4.8189,49.9949],[4.7932,49.9821],[4.7899,49.969],[4.7909,49.9584],[4.8481,49.9484],[4.89,49.9093],[4.8772,49.9046],[4.8873,49.8987],[4.8724,49.888],[4.8631,49.8673],[4.8483,49.868],[4.8566,49.8418],[4.8668,49.8424],[4.8688,49.8231],[4.8769,49.8194],[4.8515,49.7934],[4.9057,49.7855],[4.9308,49.7869],[4.9573,49.8018],[4.9963,49.8005],[5.0149,49.7795],[5.0632,49.7619],[5.0939,49.7635],[5.1185,49.7383],[5.1256,49.7124],[5.1436,49.7091],[5.1582,49.7168],[5.1653,49.712],[5.1653,49.693],[5.206,49.6961],[5.2175,49.6875],[5.2436,49.6857],[5.2692,49.6961],[5.3327,49.6535],[5.3049,49.6301],[5.3121,49.6119],[5.3402,49.6165],[5.3515,49.6308],[5.3981,49.6159],[5.4278,49.5966],[5.438,49.5697],[5.4565,49.567],[5.4414,49.5521],[5.4653,49.5385],[5.4667,49.5258],[5.4473,49.5179],[5.4658,49.5088],[5.4653,49.4989],[5.5412,49.5153],[5.5561,49.5293],[5.5866,49.5226],[5.611,49.5059],[5.6214,49.5195],[5.6171,49.5294],[5.6429,49.5507],[5.7474,49.5394],[5.7574,49.5428],[5.7583,49.5612],[5.7734,49.5631],[5.8157,49.5482],[5.8103,49.5437],[5.8171,49.537],[5.837,49.5425],[5.8463,49.5295],[5.8345,49.5263],[5.8355,49.5206],[5.8662,49.4999],[5.946,49.4996],[5.9727,49.4908],[5.9742,49.4648],[5.988,49.4615],[5.982,49.4511],[6.0278,49.4557],[6.0275,49.4482],[6.0422,49.4478],[6.0578,49.4662],[6.1008,49.4529],[6.0995,49.4675],[6.1235,49.4734],[6.1279,49.4937],[6.1419,49.4918],[6.141,49.4864],[6.1622,49.4932],[6.1558,49.5041],[6.2356,49.5081],[6.2405,49.5146],[6.2795,49.5038],[6.2889,49.4847],[6.2986,49.4886],[6.2963,49.4802],[6.3128,49.4803],[6.3338,49.4669],[6.3689,49.4598],[6.3672,49.4695],[6.3944,49.4643],[6.4286,49.4769],[6.4404,49.4667],[6.4647,49.4665],[6.5419,49.4324],[6.5573,49.4195],[6.5388,49.4124],[6.5405,49.4011],[6.587,49.385],[6.5831,49.3685],[6.6019,49.3668],[6.588,49.3497],[6.5742,49.3585],[6.5638,49.3559],[6.5658,49.3474],[6.578,49.3352],[6.5914,49.3357],[6.5957,49.3299],[6.5889,49.3221],[6.6158,49.3013],[6.6248,49.3033],[6.6535,49.2812],[6.6702,49.2802],[6.661,49.2579],[6.6895,49.2496],[6.6846,49.2423],[6.6957,49.215],[6.723,49.2185],[6.7314,49.2059],[6.7112,49.1884],[6.738,49.1634],[6.7819,49.1682],[6.8345,49.1514],[6.8477,49.1574],[6.8439,49.1731],[6.8618,49.1794],[6.8378,49.2134],[6.8593,49.2225],[6.8924,49.2088],[6.9254,49.2236],[6.9379,49.2222],[6.9593,49.203],[6.977,49.2089],[7.0112,49.1874],[7.035,49.1913],[7.0276,49.17],[7.0516,49.113],[7.066,49.114],[7.0716,49.1241],[7.0898,49.1305],[7.0801,49.1488],[7.102,49.1557],[7.1132,49.1518],[7.1039,49.1385],[7.1262,49.1419],[7.1354,49.1284],[7.1576,49.1207],[7.1842,49.1315],[7.1983,49.1152],[7.2087,49.1247],[7.2453,49.1298],[7.2817,49.1245],[7.2825,49.117],[7.2937,49.1151],[7.3237,49.1427],[7.3626,49.1433],[7.3661,49.1725],[7.4451,49.1843],[7.4355,49.18],[7.4418,49.1723],[7.4324,49.1657],[7.494,49.1696],[7.4958,49.1551],[7.506,49.1512],[7.4896,49.1365],[7.5161,49.1207],[7.529,49.0972],[7.5632,49.0805],[7.6,49.0833],[7.6299,49.0735],[7.6317,49.055],[7.6745,49.045],[7.6971,49.0497],[7.6956,49.0578],[7.7318,49.0556],[7.7322,49.0444],[7.7582,49.0453],[7.7946,49.0658],[7.8668,49.0332],[7.8886,49.049],[7.9167,49.041],[7.9338,49.058],[7.9666,49.0418],[7.9754,49.0269],[8.0006,49.0282],[8.0492,49.0141],[8.0878,48.9895],[8.1416,48.9779],[8.1946,48.977],[8.1992,48.9669],[8.2231,48.9755],[8.2331,48.9667],[8.1957,48.9559],[8.1498,48.9058],[8.0891,48.8037],[8.0661,48.79],[8.0301,48.7872],[8.014,48.7607],[7.9723,48.758],[7.964,48.7221],[7.8917,48.6639],[7.8399,48.6413],[7.8299,48.6185],[7.801,48.5873],[7.8046,48.5132],[7.7676,48.489],[7.7669,48.4616],[7.7335,48.3977],[7.7314,48.3751],[7.7441,48.3266],[7.6942,48.3025],[7.6662,48.2208],[7.6447,48.208],[7.6004,48.1575],[7.5972,48.1334],[7.5781,48.1218],[7.5686,48.0345],[7.6124,47.9964],[7.6221,47.9716],[7.5831,47.9309],[7.5813,47.8958],[7.556,47.8778],[7.5629,47.8427],[7.5296,47.7789],[7.5481,47.7315],[7.511,47.697],[7.5223,47.6623],[7.5671,47.6326],[7.5737,47.6166],[7.5925,47.6025],[7.5849,47.5756],[7.567,47.578],[7.5567,47.5728],[7.5578,47.5654],[7.4991,47.5399],[7.502,47.5285],[7.5193,47.5346],[7.5315,47.5274],[7.5229,47.5142],[7.4978,47.5212],[7.511,47.4967],[7.4887,47.4826],[7.4712,47.4803],[7.4319,47.4961],[7.4212,47.4802],[7.4557,47.4705],[7.4034,47.4355],[7.3551,47.4338],[7.3301,47.4416],[7.2459,47.4203],[7.2328,47.4388],[7.1977,47.4352],[7.1704,47.4433],[7.1886,47.447],[7.1931,47.4666],[7.16,47.4883],[7.1634,47.4943],[7.1317,47.5027],[7.1551,47.5248],[7.11,47.5574],[7.1209,47.5758],[7.0899,47.599],[7.0843,47.6216],[7.0481,47.6312],[7.0637,47.6607],[7.0569,47.6817],[7.0312,47.6949],[7.0443,47.7176],[7.0414,47.73],[7.0171,47.7378],[7.0098,47.754],[6.9727,47.7517],[6.9406,47.7716],[6.8697,47.7823],[6.8429,47.8122],[6.8449,47.825],[6.8227,47.8131],[6.7916,47.8302],[6.7848,47.8509],[6.7332,47.8631],[6.6941,47.8834],[6.6945,47.89],[6.6697,47.8879],[6.6721,47.893],[6.6333,47.9079],[6.6394,47.9178],[6.5973,47.9464],[6.6039,47.9646],[6.5942,47.9688],[6.5901,47.9829],[6.5664,47.992],[6.5674,48.0048],[6.544,48.0082],[6.5358,47.9973],[6.5019,47.9939],[6.5056,48.0056],[6.4933,48.0073],[6.4837,48.0325],[6.4574,48.0323],[6.4696,48.0414],[6.4419,48.0596],[6.4464,48.0796],[6.4317,48.0883],[6.4331,48.1158],[6.4443,48.122],[6.4274,48.1234],[6.4161,48.1143],[6.4025,48.1188],[6.4061,48.1274],[6.3917,48.1376],[6.3796,48.1313],[6.3407,48.1365],[6.3063,48.1716],[6.272,48.1573],[6.248,48.1563],[6.2471,48.1271],[6.2182,48.1223],[6.2353,48.1148],[6.2325,48.1076],[6.188,48.0904],[6.1738,48.1033],[6.126,48.107],[6.1064,48.131],[6.077,48.1389],[6.0626,48.1613],[5.9816,48.1679],[5.9677,48.1392],[5.9478,48.1425],[5.91,48.131],[5.8805,48.0982],[5.8617,48.096],[5.8552,48.0842],[5.8259,48.0712],[5.8213,48.0462],[5.7753,48.0371],[5.741,48.051],[5.676,48.043],[5.6655,48.0293],[5.6195,48.0068],[5.6472,47.9961],[5.6353,47.9707],[5.6107,47.9718],[5.5541,47.9475],[5.542,47.9521],[5.5247,47.9382],[5.4883,47.95],[5.4733,47.965],[5.4841,47.9706],[5.487,48.0019],[5.4623,48.0436],[5.4801,48.0561],[5.4644,48.0655],[5.4859,48.0723],[5.4794,48.0795],[5.5079,48.097],[5.501,48.1095],[5.5116,48.1309],[5.4911,48.1514],[5.4942,48.1582],[5.5218,48.1634],[5.5139,48.1928],[5.5285,48.2215],[5.5412,48.2275],[5.5361,48.2355],[5.5424,48.2416],[5.4734,48.248],[5.4799,48.2659],[5.4481,48.2995],[5.5259,48.3202],[5.5557,48.3446],[5.5471,48.3808],[5.5587,48.3872],[5.5537,48.397],[5.5771,48.4072],[5.5725,48.4138],[5.5832,48.4207],[5.5664,48.4295],[5.5679,48.4445],[5.5841,48.4565],[5.5874,48.4823],[5.6023,48.5015],[5.5962,48.5139],[5.6054,48.5216],[5.5889,48.5362],[5.5878,48.5478],[5.5603,48.561],[5.5291,48.5559],[5.5388,48.5732],[5.5244,48.5783],[5.5223,48.5936],[5.5296,48.6061],[5.5258,48.6141],[5.541,48.6277],[5.5378,48.6573],[5.5074,48.6677],[5.511,48.6828],[5.5031,48.6877],[5.4804,48.6866],[5.4621,48.6951],[5.4717,48.708],[5.4491,48.7197],[5.4586,48.7336],[5.444,48.7459],[5.4489,48.7595],[5.4282,48.7653],[5.4214,48.775],[5.4324,48.8168],[5.4294,48.8269],[5.4129,48.8305],[5.4217,48.8471],[5.3701,48.8858],[5.3778,48.9064],[5.3979,48.9135],[5.3904,48.935],[5.3589,48.9389],[5.3517,48.9586],[5.3366,48.9608]]]}},{"type":"Feature","properties":{},"geometry":{"type":"Polygon","coordinates":[[[-1.1717,48.4652],[-1.2075,48.4425],[-1.1988,48.4269],[-1.2269,48.4224],[-1.2626,48.4626],[-1.3066,48.4861],[-1.3081,48.5059],[-1.3598,48.5278],[-1.3752,48.5491],[-1.4285,48.5548],[-1.4575,48.6064],[-1.4559,48.6204],[-1.4265,48.637],[-1.4253,48.6443],[-1.375,48.6426],[-1.3509,48.6313],[-1.3645,48.6472],[-1.3931,48.6505],[-1.4011,48.6584],[-1.3759,48.6853],[-1.3722,48.6938],[-1.446,48.6549],[-1.4504,48.6707],[-1.4862,48.6864],[-1.504,48.6848],[-1.5291,48.7299],[-1.5704,48.7432],[-1.568,48.8027],[-1.5744,48.8215],[-1.6015,48.8366],[-1.6146,48.8342],[-1.5837,48.8508],[-1.5641,48.9228],[-1.5611,48.9273],[-1.5524,48.9356],[-1.5626,48.914],[-1.5551,48.8936],[-1.5485,48.8934],[-1.5496,48.9237],[-1.5432,48.9315],[-1.5478,48.9397],[-1.5623,48.9414],[-1.5612,49.0042],[-1.5591,48.9966],[-1.5517,48.9983],[-1.5572,49.0264],[-1.5359,49.0388],[-1.5698,49.0316],[-1.579,49.0149],[-1.5742,49.0013],[-1.5797,49.0041],[-1.5815,49.0039],[-1.5684,48.9963],[-1.5775,48.9984],[-1.5864,49.0068],[-1.6077,49.0687],[-1.6013,49.0527],[-1.5977,49.0738],[-1.6093,49.0828],[-1.6099,49.0737],[-1.6107,49.0991],[-1.5947,49.1322],[-1.5803,49.1265],[-1.5785,49.1419],[-1.5931,49.1367],[-1.6055,49.2059],[-1.6142,49.218],[-1.5674,49.221],[-1.5863,49.2338],[-1.6087,49.2318],[-1.6157,49.2393],[-1.6258,49.224],[-1.6226,49.2109],[-1.6296,49.2125],[-1.6785,49.2808],[-1.6763,49.2865],[-1.6747,49.2795],[-1.6574,49.2818],[-1.6652,49.2869],[-1.6857,49.2887],[-1.708,49.3199],[-1.7083,49.327],[-1.7001,49.3242],[-1.6754,49.3295],[-1.6746,49.3321],[-1.6952,49.3308],[-1.717,49.3464],[-1.71,49.3358],[-1.7176,49.3314],[-1.7008,49.3335],[-1.7195,49.3252],[-1.7875,49.3749],[-1.757,49.3683],[-1.7592,49.3738],[-1.772,49.3803],[-1.7878,49.3761],[-1.79,49.3692],[-1.8095,49.3724],[-1.8237,49.4011],[-1.8268,49.4527],[-1.848,49.4737],[-1.8493,49.5062],[-1.8805,49.5183],[-1.8894,49.534],[-1.8576,49.5519],[-1.8384,49.578],[-1.8474,49.6264],[-1.8721,49.6572],[-1.947,49.6746],[-1.9361,49.689],[-1.948,49.7072],[-1.9424,49.7261],[-1.9113,49.7244],[-1.8843,49.7059],[-1.8519,49.7185],[-1.8233,49.6905],[-1.7608,49.6782],[-1.7181,49.6798],[-1.6992,49.6697],[-1.6873,49.6738],[-1.672,49.6576],[-1.6333,49.6606],[-1.5866,49.6509],[-1.509,49.6609],[-1.4862,49.6689],[-1.4734,49.697],[-1.4515,49.6915],[-1.4208,49.7052],[-1.3715,49.7073],[-1.2917,49.6925],[-1.2664,49.6955],[-1.2727,49.6796],[-1.2394,49.6543],[-1.2436,49.6482],[-1.2282,49.6234],[-1.2284,49.6072],[-1.2557,49.6124],[-1.2724,49.5707],[-1.2698,49.5837],[-1.2964,49.5832],[-1.3062,49.5689],[-1.3076,49.5416],[-1.2929,49.5165],[-1.1751,49.4166],[-1.1619,49.3914],[-1.18,49.3777],[-1.1834,49.3461],[-1.2138,49.3313],[-1.2224,49.3224],[-1.1557,49.3623],[-1.1162,49.3455],[-1.1185,49.3602],[-1.075,49.3893],[-0.9472,49.3958],[-0.8518,49.3628],[-0.798,49.3541],[-0.6034,49.3398],[-0.519,49.3452],[-0.3974,49.3335],[-0.2272,49.277],[-0.2459,49.2734],[-0.2494,49.2601],[-0.219,49.2711],[-0.2158,49.2777],[-0.2198,49.2811],[-0.224,49.2719],[-0.2258,49.282],[-0.2197,49.2849],[-0.1585,49.2872],[-0.0991,49.2978],[-0.0901,49.2983],[-0.089,49.2971],[-0.1029,49.296],[-0.1112,49.2857],[-0.1027,49.2944],[-0.0889,49.2951],[-0.0774,49.3042],[-0.0003,49.3257],[0.1211,49.3984],[0.1184,49.4695],[0.09,49.4834],[0.0923,49.4967],[0.0687,49.507],[0.0662,49.5184],[0.1515,49.6424],[0.1638,49.6861],[0.2063,49.7143],[0.3371,49.747],[0.3691,49.7689],[0.4876,49.8088],[0.5837,49.8527],[0.7095,49.8732],[0.7879,49.875],[0.9258,49.9055],[0.957,49.9189],[1.0243,49.9162],[1.1064,49.9367],[1.2014,49.9712],[1.3322,50.0471],[1.4339,50.0955],[1.4417,50.0797],[1.4701,50.0762],[1.5271,50.0524],[1.6134,50.0418],[1.6491,50.0241],[1.6685,50.0281],[1.7285,50.011],[1.7674,49.9665],[1.7645,49.9571],[1.742,49.9552],[1.7224,49.9291],[1.7052,49.9198],[1.7115,49.9077],[1.9557,49.8214],[1.9538,49.8134],[1.8661,49.7743],[1.8251,49.7697],[1.7987,49.7472],[1.8166,49.7405],[1.8109,49.7333],[1.8162,49.7196],[1.7985,49.7094],[1.8068,49.6976],[1.7982,49.6861],[1.8012,49.6752],[1.8133,49.669],[1.8739,49.6654],[1.8978,49.6546],[1.9143,49.6591],[1.9602,49.6344],[2.0061,49.6299],[2.0029,49.6186],[2.0091,49.6122],[2.0666,49.5972],[2.093,49.5943],[2.1309,49.6071],[2.1496,49.5979],[2.1521,49.5888],[2.2093,49.5622],[2.2511,49.569],[2.2949,49.5573],[2.3363,49.578],[2.3798,49.572],[2.3927,49.5606],[2.4204,49.5644],[2.4355,49.5532],[2.4508,49.561],[2.4749,49.5521],[2.5133,49.5576],[2.5565,49.5512],[2.5601,49.5441],[2.6149,49.5473],[2.6106,49.5586],[2.6246,49.5781],[2.7502,49.6351],[2.7887,49.632],[2.7931,49.622],[2.8316,49.6147],[2.8765,49.6255],[2.8847,49.6517],[2.9184,49.6731],[2.9507,49.6526],[2.9505,49.6426],[2.9603,49.637],[2.9841,49.647],[3.005,49.675],[3.0462,49.6758],[3.0799,49.6917],[3.0901,49.6794],[3.1306,49.6736],[3.2067,49.6964],[3.2269,49.7317],[3.2433,49.7331],[3.2555,49.7248],[3.2915,49.7307],[3.3056,49.7549],[3.3012,49.7588],[3.3167,49.7682],[3.3101,49.7889],[3.3318,49.8066],[3.3797,49.8197],[3.3661,49.8292],[3.4136,49.8522],[3.4178,49.86],[3.4082,49.866],[3.4456,49.8982],[3.4568,49.8965],[3.5113,49.9207],[3.5215,49.9374],[3.5175,49.9417],[3.5527,49.9561],[3.5551,49.9777],[3.62,49.9909],[3.6349,50.006],[3.6696,50.0064],[3.7176,50.0285],[3.8439,50.0293],[3.8832,50.0109],[3.8865,49.9952],[3.9051,49.9878],[4.0028,49.967],[4.017,49.969],[4.0195,49.9857],[4.0354,49.9923],[4.0681,49.9873],[4.1035,50.0157],[4.1396,50.0258],[4.2225,50.0281],[4.2399,49.9991],[4.3575,50.0075],[4.3437,49.9841],[4.3636,49.9864],[4.3684,49.9611],[4.3415,49.9585],[4.3293,49.9528],[4.3326,49.9469],[4.3796,49.9347],[4.4358,49.9316],[4.4516,49.918],[4.3968,49.9106],[4.3785,49.9174],[4.3479,49.9056],[4.3644,49.88],[4.3514,49.868],[4.3731,49.8441],[4.372,49.8345],[4.4218,49.8276],[4.3833,49.7869],[4.3585,49.7784],[4.3642,49.7431],[4.4343,49.7397],[4.4268,49.7176],[4.453,49.7091],[4.4534,49.6797],[4.4633,49.6688],[4.4955,49.6623],[4.4947,49.6473],[4.5141,49.6349],[4.5513,49.64],[4.5515,49.6307],[4.5646,49.6273],[4.5861,49.6359],[4.5913,49.6272],[4.6395,49.6286],[4.6509,49.6188],[4.66,49.5845],[4.6831,49.5832],[4.733,49.5505],[4.7472,49.5485],[4.7608,49.5304],[4.7397,49.5108],[4.7361,49.5004],[4.7437,49.488],[4.7333,49.4822],[4.7358,49.4754],[4.7764,49.4642],[4.7777,49.4732],[4.7977,49.4754],[4.8289,49.4642],[4.8268,49.4431],[4.8018,49.4282],[4.8049,49.4069],[4.8313,49.4075],[4.833,49.3953],[4.8654,49.3982],[4.8589,49.4055],[4.8626,49.4134],[4.8781,49.4111],[4.8789,49.4222],[4.8981,49.4262],[4.9217,49.4251],[4.9442,49.4452],[4.9454,49.4582],[4.9798,49.4732],[5.0181,49.4555],[5.013,49.4484],[5.0198,49.4235],[5.0631,49.3986],[5.0774,49.4004],[5.0662,49.3819],[5.0738,49.3664],[5.0651,49.3641],[5.06,49.3496],[5.0672,49.3301],[5.0589,49.325],[5.074,49.3164],[5.0797,49.2886],[5.1238,49.272],[5.1662,49.2676],[5.1596,49.2386],[5.1717,49.2171],[5.1913,49.216],[5.1899,49.2019],[5.2036,49.1892],[5.1967,49.1788],[5.2467,49.1519],[5.2464,49.1335],[5.2638,49.1243],[5.2596,49.1089],[5.2703,49.0969],[5.2853,49.0971],[5.2846,49.0641],[5.3129,49.0604],[5.3212,49.048],[5.3119,49.0152],[5.2739,48.995],[5.3246,48.9783],[5.338,48.959],[5.3517,48.9586],[5.3589,48.9389],[5.3904,48.935],[5.3979,48.9135],[5.3778,48.9064],[5.3701,48.8858],[5.4217,48.8471],[5.4129,48.8305],[5.4294,48.8269],[5.4324,48.8168],[5.4214,48.775],[5.4282,48.7653],[5.4489,48.7595],[5.444,48.7459],[5.4586,48.7336],[5.4522,48.7138],[5.4717,48.708],[5.463,48.7033],[5.4659,48.6919],[5.5031,48.6877],[5.511,48.6828],[5.5074,48.6677],[5.5324,48.662],[5.54,48.6524],[5.541,48.6277],[5.5258,48.6141],[5.5296,48.6061],[5.5223,48.5936],[5.5244,48.5783],[5.5388,48.5732],[5.5291,48.5559],[5.5603,48.561],[5.5878,48.5478],[5.5889,48.5362],[5.6054,48.5216],[5.5962,48.5139],[5.6023,48.5015],[5.5874,48.4823],[5.5841,48.4565],[5.5679,48.4445],[5.5664,48.4295],[5.5832,48.4207],[5.5725,48.4138],[5.5771,48.4072],[5.5537,48.397],[5.5587,48.3872],[5.5471,48.3808],[5.5557,48.3446],[5.5259,48.3202],[5.4481,48.2995],[5.4799,48.2659],[5.4734,48.248],[5.5424,48.2416],[5.5361,48.2355],[5.5412,48.2275],[5.5285,48.2215],[5.5139,48.1928],[5.5218,48.1634],[5.4942,48.1582],[5.4911,48.1514],[5.5116,48.1309],[5.501,48.1095],[5.5079,48.097],[5.4794,48.0795],[5.4859,48.0723],[5.4644,48.0655],[5.4801,48.0561],[5.4623,48.0436],[5.4871,48.0013],[5.4841,47.9706],[5.4733,47.965],[5.5073,47.9387],[5.496,47.9113],[5.5109,47.9069],[5.4725,47.8921],[5.4681,47.877],[5.4811,47.8698],[5.4726,47.8634],[5.4739,47.8512],[5.4143,47.8318],[5.4048,47.8064],[5.3823,47.7983],[5.3701,47.7971],[5.3374,47.8138],[5.3063,47.8155],[5.271,47.8071],[5.2628,47.7946],[5.2446,47.7951],[5.2138,47.778],[5.1823,47.774],[5.1667,47.7614],[5.1697,47.7307],[5.1579,47.7207],[5.1062,47.7163],[5.0903,47.7252],[5.0755,47.7191],[5.0619,47.7233],[5.0581,47.7159],[5.0313,47.7108],[5.0127,47.6927],[4.9861,47.6854],[4.9801,47.6729],[4.9514,47.69],[4.9375,47.6664],[4.9476,47.6604],[4.9344,47.6585],[4.9321,47.6466],[4.9001,47.6296],[4.8806,47.5986],[4.8593,47.5925],[4.825,47.6026],[4.7979,47.5862],[4.7926,47.5714],[4.7989,47.5651],[4.7672,47.546],[4.7834,47.5335],[4.7423,47.4972],[4.7398,47.4832],[4.739,47.4691],[4.7469,47.4651],[4.7412,47.4564],[4.7611,47.4461],[4.7785,47.3987],[4.7716,47.3759],[4.7791,47.3674],[4.7755,47.3528],[4.72,47.321],[4.6911,47.2901],[4.6574,47.2947],[4.6179,47.2817],[4.5953,47.2902],[4.5561,47.2439],[4.5599,47.213],[4.5538,47.2025],[4.5439,47.2133],[4.4778,47.2393],[4.4423,47.2305],[4.4417,47.2184],[4.4292,47.2095],[4.4178,47.2222],[4.3873,47.2193],[4.3716,47.228],[4.3359,47.2167],[4.3225,47.2255],[4.3067,47.2101],[4.2691,47.2154],[4.2195,47.2363],[4.2329,47.2475],[4.2172,47.2728],[4.1886,47.2808],[4.1729,47.2753],[4.1657,47.27],[4.1651,47.2455],[4.1476,47.2334],[4.1533,47.2252],[4.1489,47.2099],[4.1309,47.1907],[4.1348,47.1807],[4.1257,47.1712],[4.1376,47.163],[4.1228,47.1553],[4.1244,47.1313],[4.1119,47.117],[4.1024,47.1167],[4.1001,47.1048],[4.0699,47.1018],[4.0596,47.0761],[4.0384,47.075],[4.0453,47.0626],[4.0383,47.0439],[4.046,47.0351],[4.0368,47.0299],[4.0421,46.9886],[4.0242,46.9833],[4.0193,46.9557],[4.0054,46.9519],[3.9767,46.9692],[3.9822,46.9838],[3.9495,46.995],[3.9443,47.0051],[3.9492,47.0283],[3.9216,47.0521],[3.9363,47.0599],[3.927,47.0861],[3.9137,47.0927],[3.92,47.1008],[3.9029,47.1009],[3.8909,47.1131],[3.8767,47.1107],[3.8753,47.12],[3.8583,47.1193],[3.8552,47.1273],[3.822,47.1316],[3.8152,47.1247],[3.7918,47.1257],[3.7847,47.1403],[3.7659,47.15],[3.7608,47.1601],[3.7672,47.1655],[3.746,47.1575],[3.6469,47.1526],[3.6362,47.1609],[3.6249,47.2002],[3.5994,47.2156],[3.57,47.2015],[3.5329,47.2028],[3.5079,47.1941],[3.4989,47.2003],[3.4859,47.1951],[3.4759,47.1784],[3.4572,47.2046],[3.3938,47.2332],[3.3885,47.2409],[3.412,47.2562],[3.4165,47.2688],[3.3899,47.2693],[3.3883,47.2885],[3.3674,47.3075],[3.3662,47.3215],[3.3302,47.3174],[3.3271,47.3315],[3.3085,47.3408],[3.3075,47.3602],[3.279,47.352],[3.2682,47.357],[3.2856,47.4118],[3.3008,47.4202],[3.3,47.437],[3.3438,47.4558],[3.3635,47.4869],[3.3188,47.5166],[3.307,47.5327],[3.284,47.5348],[3.2555,47.5533],[3.2324,47.5467],[3.2178,47.5588],[3.215,47.5777],[3.1854,47.5832],[3.1576,47.5617],[3.0968,47.5581],[3.0632,47.5786],[3.0533,47.5997],[3.0553,47.629],[3.0332,47.6354],[2.995,47.6655],[2.9705,47.6634],[2.9407,47.6823],[2.9126,47.6837],[2.8826,47.7086],[2.8122,47.7212],[2.7941,47.7356],[2.7104,47.7122],[2.7083,47.727],[2.6828,47.7282],[2.6634,47.7492],[2.6201,47.755],[2.6176,47.7664],[2.6049,47.7654],[2.6058,47.797],[2.5966,47.8066],[2.5547,47.8079],[2.494,47.8318],[2.4895,47.8428],[2.4441,47.836],[2.4276,47.862],[2.4097,47.8692],[2.4023,47.8945],[2.3712,47.9022],[2.3661,47.9239],[2.3403,47.9317],[2.3397,47.9428],[2.3198,47.9626],[2.3225,47.9864],[2.304,47.9895],[2.3044,48.0006],[2.2957,48.0018],[2.2898,48.02],[2.2689,48.0281],[2.2685,48.0397],[2.256,48.0457],[2.2378,48.0345],[2.1772,48.0421],[2.1612,48.0275],[2.1123,48.0309],[2.0912,48.0177],[2.0645,48.024],[2.0538,48.0367],[2.0238,48.0489],[2.026,48.0582],[2.0096,48.0679],[2.018,48.0819],[2.079,48.0974],[2.0864,48.1114],[2.1019,48.1151],[2.1029,48.1312],[2.0495,48.1418],[2.0588,48.1552],[2.0538,48.1733],[2.0714,48.1774],[2.0727,48.186],[2.037,48.2177],[1.9925,48.226],[1.9751,48.2486],[1.9262,48.2494],[1.9365,48.274],[1.9188,48.2998],[1.926,48.3137],[1.8874,48.3627],[1.8665,48.3726],[1.7911,48.3502],[1.7655,48.3566],[1.738,48.347],[1.7139,48.3507],[1.6951,48.3647],[1.6287,48.3713],[1.6303,48.3834],[1.6067,48.3883],[1.5905,48.3777],[1.5934,48.3441],[1.5612,48.3292],[1.5542,48.3122],[1.5212,48.3213],[1.4961,48.3391],[1.474,48.333],[1.4482,48.3402],[1.3892,48.3695],[1.3489,48.3631],[1.2501,48.3758],[1.2228,48.415],[1.1364,48.3906],[1.0816,48.3984],[1.0181,48.3779],[1.0497,48.4007],[0.9955,48.4235],[0.9476,48.4199],[0.9539,48.4247],[0.9479,48.4361],[0.9619,48.4481],[0.9555,48.4557],[0.973,48.4687],[0.9503,48.4744],[0.9295,48.4966],[0.8972,48.5036],[0.8635,48.4961],[0.8604,48.5111],[0.8038,48.5333],[0.7998,48.5587],[0.7882,48.5608],[0.8024,48.5755],[0.8192,48.5727],[0.8323,48.5807],[0.8395,48.6033],[0.8285,48.6102],[0.7868,48.5948],[0.7686,48.6021],[0.7429,48.5974],[0.7321,48.6057],[0.6798,48.6137],[0.6503,48.6054],[0.6279,48.6088],[0.6182,48.5957],[0.5861,48.5984],[0.528,48.6218],[0.5386,48.6412],[0.5212,48.6541],[0.4386,48.6712],[0.3725,48.657],[0.3497,48.6627],[0.3236,48.6447],[0.3115,48.6276],[0.3149,48.6178],[0.3018,48.6078],[0.2297,48.5905],[0.2043,48.5933],[0.1702,48.5662],[0.166,48.5792],[0.1011,48.5762],[0.0422,48.5471],[-0.057,48.5558],[-0.0782,48.5666],[-0.1307,48.5431],[-0.1731,48.5476],[-0.2061,48.5592],[-0.2069,48.5661],[-0.2172,48.5613],[-0.237,48.5691],[-0.2201,48.598],[-0.245,48.6087],[-0.2385,48.618],[-0.2562,48.6196],[-0.2667,48.6064],[-0.2882,48.6017],[-0.3095,48.6076],[-0.3144,48.6192],[-0.3337,48.6231],[-0.3516,48.6158],[-0.3857,48.6263],[-0.3953,48.6393],[-0.413,48.6415],[-0.4224,48.6343],[-0.4254,48.6492],[-0.4937,48.6615],[-0.4974,48.6682],[-0.4885,48.6847],[-0.457,48.6984],[-0.4657,48.7109],[-0.4557,48.7233],[-0.4904,48.7353],[-0.4913,48.743],[-0.5277,48.7195],[-0.5813,48.7144],[-0.5854,48.7048],[-0.6052,48.6963],[-0.6364,48.7048],[-0.6488,48.7141],[-0.646,48.721],[-0.6831,48.7186],[-0.6996,48.7308],[-0.7129,48.7182],[-0.733,48.7239],[-0.7715,48.7199],[-0.81,48.7475],[-0.8334,48.7536],[-0.8602,48.7445],[-0.8618,48.735],[-0.8588,48.7186],[-0.8374,48.7115],[-0.8325,48.6946],[-0.8377,48.6901],[-0.8254,48.6759],[-0.8401,48.6598],[-0.8537,48.6625],[-0.8608,48.6547],[-0.8425,48.636],[-0.8019,48.6331],[-0.7823,48.6216],[-0.7748,48.6104],[-0.7862,48.6048],[-0.7861,48.592],[-0.7681,48.572],[-0.7699,48.5625],[-0.7913,48.5503],[-0.8095,48.5531],[-0.8305,48.5448],[-0.8337,48.5334],[-0.8741,48.5364],[-0.9526,48.5215],[-0.9543,48.51],[-0.9413,48.5069],[-0.9432,48.4969],[-0.9205,48.4794],[-0.9148,48.4654],[-0.94,48.4477],[-0.9227,48.4171],[-0.9554,48.3925],[-0.9637,48.3771],[-1.0222,48.3592],[-1.047,48.3794],[-1.1071,48.383],[-1.1271,48.4023],[-1.1247,48.4259],[-1.1388,48.4354],[-1.1438,48.4512],[-1.1717,48.4652]]]}},{"type":"Feature","properties":{},"geometry":{"type":"MultiPolygon","coordinates":[[[[-3.0657,47.3054],[-3.0753,47.2866],[-3.0933,47.278],[-3.121,47.2905],[-3.1428,47.2867],[-3.1378,47.2889],[-3.1388,47.2925],[-3.1601,47.2922],[-3.1681,47.3017],[-3.2224,47.2937],[-3.2259,47.3044],[-3.2363,47.3015],[-3.2486,47.3137],[-3.2358,47.3262],[-3.2488,47.3307],[-3.2534,47.3491],[-3.2636,47.3518],[-3.2562,47.3685],[-3.2628,47.3713],[-3.2465,47.3715],[-3.2533,47.3757],[-3.245,47.3876],[-3.2361,47.3786],[-3.2174,47.3784],[-3.222,47.3684],[-3.2183,47.3633],[-3.2144,47.3737],[-3.1727,47.3599],[-3.1576,47.3647],[-3.1534,47.3472],[-3.1451,47.3428],[-3.1478,47.3327],[-3.101,47.3156],[-3.0669,47.3166],[-3.056,47.308],[-3.0657,47.3054]]],[[[-3.4153,47.6325],[-3.4219,47.62],[-3.4381,47.6286],[-3.4636,47.6203],[-3.5065,47.639],[-3.5144,47.6521],[-3.4302,47.6431],[-3.4153,47.6325]]],[[[-3.1584,47.607],[-3.1977,47.6239],[-3.2111,47.6428],[-3.2792,47.6827],[-3.323,47.6942],[-3.3466,47.6951],[-3.3577,47.6862],[-3.362,47.6908],[-3.3525,47.7004],[-3.3257,47.7021],[-3.2853,47.6861],[-3.282,47.686],[-3.2776,47.6901],[-3.2922,47.7031],[-3.3177,47.7046],[-3.3019,47.7105],[-3.3523,47.7029],[-3.3654,47.7103],[-3.3918,47.7007],[-3.4274,47.7046],[-3.4528,47.6954],[-3.5004,47.7307],[-3.506,47.7467],[-3.5294,47.7664],[-3.6082,47.7702],[-3.6019,47.7788],[-3.6129,47.7683],[-3.6454,47.7742],[-3.6494,47.7817],[-3.6452,47.7831],[-3.6381,47.7931],[-3.6436,47.791],[-3.6509,47.7799],[-3.6705,47.7848],[-3.6778,47.7756],[-3.7207,47.8025],[-3.7616,47.7905],[-3.8007,47.7874],[-3.8389,47.7984],[-3.856,47.7896],[-3.8539,47.8033],[-3.9026,47.8357],[-3.8988,47.8466],[-3.894,47.8423],[-3.8863,47.8489],[-3.9194,47.8558],[-3.8987,47.8594],[-3.9117,47.8668],[-3.9059,47.8773],[-3.9163,47.8681],[-3.9306,47.8707],[-3.9335,47.8817],[-3.9479,47.8879],[-3.9407,47.894],[-3.9501,47.8907],[-3.946,47.9046],[-3.9537,47.894],[-3.9732,47.8947],[-3.9775,47.9097],[-3.9809,47.8946],[-3.9924,47.8962],[-3.9734,47.8908],[-3.9902,47.8828],[-3.9772,47.8537],[-4.0403,47.8444],[-4.0639,47.8583],[-4.1225,47.8649],[-4.164,47.8488],[-4.1697,47.8358],[-4.1588,47.8312],[-4.1651,47.8145],[-4.1928,47.7959],[-4.2101,47.7994],[-4.2162,47.8132],[-4.221,47.8149],[-4.2165,47.8108],[-4.2248,47.8113],[-4.2252,47.8091],[-4.2164,47.8094],[-4.2102,47.7963],[-4.2189,47.7921],[-4.2787,47.792],[-4.2722,47.8009],[-4.286,47.7921],[-4.3023,47.8008],[-4.3741,47.7979],[-4.3716,47.8093],[-4.3756,47.8168],[-4.3828,47.8144],[-4.3806,47.8202],[-4.3525,47.8286],[-4.3481,47.8355],[-4.355,47.8369],[-4.3461,47.8394],[-4.3613,47.8825],[-4.3394,47.8993],[-4.3663,47.8961],[-4.3636,47.8874],[-4.3892,47.9281],[-4.4225,47.9623],[-4.4518,47.9815],[-4.5346,48.0098],[-4.5336,48.0218],[-4.5662,47.9997],[-4.5925,48.0066],[-4.5977,48.0156],[-4.6228,48.0179],[-4.633,48.0293],[-4.6546,48.0219],[-4.7412,48.04],[-4.7073,48.0445],[-4.714,48.0648],[-4.6718,48.0602],[-4.6658,48.0726],[-4.6318,48.0671],[-4.6313,48.0728],[-4.5912,48.0737],[-4.5819,48.0823],[-4.5525,48.076],[-4.5365,48.09],[-4.4862,48.0865],[-4.466,48.0994],[-4.4336,48.0967],[-4.4161,48.1068],[-4.3622,48.1092],[-4.341,48.1006],[-4.3301,48.0796],[-4.3356,48.0967],[-4.3282,48.1003],[-4.323,48.0928],[-4.2965,48.0925],[-4.2832,48.1097],[-4.2857,48.126],[-4.2759,48.1341],[-4.268,48.1306],[-4.2732,48.1541],[-4.2962,48.159],[-4.2992,48.1675],[-4.2913,48.1756],[-4.3163,48.2039],[-4.3696,48.2051],[-4.3788,48.2187],[-4.426,48.2294],[-4.4369,48.2238],[-4.4314,48.2313],[-4.4639,48.2394],[-4.489,48.2362],[-4.5034,48.2279],[-4.4948,48.2202],[-4.5108,48.2117],[-4.518,48.1924],[-4.5403,48.1808],[-4.5418,48.1686],[-4.5541,48.1677],[-4.5601,48.1764],[-4.5509,48.1819],[-4.5523,48.2095],[-4.5613,48.2301],[-4.5735,48.2358],[-4.5452,48.2405],[-4.5435,48.2493],[-4.5589,48.2592],[-4.5968,48.2519],[-4.6128,48.262],[-4.6231,48.2528],[-4.6154,48.2739],[-4.6315,48.2795],[-4.6009,48.2877],[-4.5925,48.275],[-4.5701,48.2819],[-4.5704,48.3044],[-4.5835,48.319],[-4.5547,48.3387],[-4.5334,48.342],[-4.5478,48.3098],[-4.5604,48.3053],[-4.5483,48.2918],[-4.5382,48.2936],[-4.5368,48.2842],[-4.4994,48.3112],[-4.5183,48.2948],[-4.5032,48.281],[-4.4607,48.2945],[-4.4195,48.2933],[-4.4211,48.2862],[-4.4084,48.2756],[-4.3673,48.2778],[-4.2892,48.2988],[-4.2906,48.3123],[-4.3072,48.3185],[-4.337,48.3149],[-4.3184,48.3227],[-4.3188,48.3295],[-4.3029,48.3307],[-4.3161,48.3359],[-4.278,48.3448],[-4.2924,48.3506],[-4.2713,48.3532],[-4.2609,48.3607],[-4.302,48.3557],[-4.3072,48.3484],[-4.2979,48.3451],[-4.3303,48.3387],[-4.3186,48.3622],[-4.3555,48.3433],[-4.3534,48.3479],[-4.3458,48.3518],[-4.347,48.3529],[-4.3411,48.3566],[-4.3407,48.3579],[-4.3671,48.3445],[-4.3783,48.3255],[-4.4176,48.3245],[-4.391,48.3419],[-4.3974,48.3422],[-4.4578,48.3272],[-4.4393,48.3416],[-4.4457,48.3494],[-4.4372,48.3601],[-4.3987,48.3845],[-4.4274,48.3977],[-4.4373,48.3826],[-4.4847,48.3826],[-4.5338,48.3577],[-4.5531,48.3619],[-4.614,48.336],[-4.6807,48.3556],[-4.6997,48.3508],[-4.7036,48.3459],[-4.6961,48.3366],[-4.7102,48.331],[-4.7712,48.3286],[-4.7759,48.3358],[-4.7702,48.3473],[-4.7809,48.3584],[-4.7531,48.3596],[-4.746,48.3658],[-4.7908,48.3619],[-4.786,48.3683],[-4.7694,48.365],[-4.7606,48.374],[-4.7761,48.3902],[-4.7737,48.4053],[-4.7956,48.4145],[-4.7763,48.4434],[-4.7831,48.4456],[-4.7616,48.4679],[-4.78,48.4976],[-4.7665,48.5106],[-4.7762,48.5191],[-4.7581,48.521],[-4.7651,48.5276],[-4.7588,48.5344],[-4.7497,48.5279],[-4.7464,48.5288],[-4.7534,48.5434],[-4.7308,48.5563],[-4.7158,48.5597],[-4.704,48.5502],[-4.7042,48.5702],[-4.6798,48.5672],[-4.6709,48.5759],[-4.6634,48.569],[-4.6076,48.5792],[-4.606,48.6044],[-4.564,48.6192],[-4.5662,48.6255],[-4.5417,48.6244],[-4.5486,48.6334],[-4.5421,48.6371],[-4.5296,48.6289],[-4.5141,48.6345],[-4.5062,48.6292],[-4.5133,48.6278],[-4.5097,48.6227],[-4.5011,48.621],[-4.4648,48.6263],[-4.4404,48.6416],[-4.4326,48.6352],[-4.4331,48.642],[-4.3981,48.6362],[-4.4374,48.6536],[-4.3798,48.6599],[-4.3465,48.6785],[-4.3247,48.675],[-4.33,48.6688],[-4.3246,48.666],[-4.3126,48.6726],[-4.2962,48.6643],[-4.3,48.6525],[-4.3186,48.6451],[-4.3083,48.6439],[-4.3148,48.6367],[-4.2977,48.6325],[-4.2937,48.6375],[-4.3013,48.64],[-4.2746,48.6495],[-4.2213,48.6567],[-4.1842,48.6871],[-4.1297,48.6969],[-4.0994,48.696],[-4.0944,48.6878],[-4.0828,48.6934],[-4.075,48.6861],[-4.0686,48.6885],[-4.0553,48.6851],[-4.038,48.6865],[-4.0571,48.6878],[-4.053,48.7059],[-4.0427,48.7025],[-4.0355,48.7139],[-4.0157,48.7126],[-4.0071,48.7273],[-4.0006,48.7116],[-3.9873,48.7275],[-3.9632,48.722],[-3.976,48.6997],[-3.9584,48.6887],[-3.9588,48.6835],[-3.9684,48.69],[-3.9717,48.6741],[-3.9537,48.6754],[-3.9523,48.6597],[-3.9305,48.6578],[-3.9226,48.6756],[-3.8911,48.671],[-3.9063,48.6609],[-3.8983,48.647],[-3.8577,48.6275],[-3.8473,48.6304],[-3.8647,48.6709],[-3.8541,48.6732],[-3.8537,48.6619],[-3.8464,48.6604],[-3.8548,48.6893],[-3.8406,48.6967],[-3.842,48.706],[-3.8314,48.7142],[-3.828,48.7039],[-3.8199,48.7007],[-3.8234,48.7195],[-3.7854,48.7013],[-3.734,48.7089],[-3.7166,48.7047],[-3.7015,48.6899],[-3.6804,48.6867],[-3.644,48.6964],[-3.6551,48.6821],[-3.6395,48.6734],[-3.6553,48.6654],[-3.659,48.6592],[-3.6352,48.671],[-3.6367,48.6818],[-3.6239,48.6864],[-3.6142,48.6839],[-3.6107,48.6699],[-3.5815,48.67],[-3.5675,48.683],[-3.5845,48.6905],[-3.5846,48.7244],[-3.565,48.7314],[-3.5354,48.7282],[-3.5511,48.7331],[-3.5495,48.7465],[-3.563,48.7595],[-3.5852,48.7571],[-3.5781,48.763],[-3.5893,48.7689],[-3.5787,48.7821],[-3.5844,48.7901],[-3.5696,48.7896],[-3.5671,48.7979],[-3.5547,48.7915],[-3.5354,48.8018],[-3.5362,48.8115],[-3.5471,48.8096],[-3.5477,48.8148],[-3.5386,48.8247],[-3.5194,48.819],[-3.5255,48.8301],[-3.5052,48.84],[-3.4992,48.8374],[-3.5103,48.8282],[-3.503,48.8242],[-3.4963,48.831],[-3.491,48.8219],[-3.4842,48.824],[-3.4913,48.832],[-3.4802,48.8378],[-3.4588,48.816],[-3.4287,48.8217],[-3.4429,48.8041],[-3.4405,48.7983],[-3.4303,48.7972],[-3.438,48.7992],[-3.3907,48.8026],[-3.3892,48.8157],[-3.3523,48.8207],[-3.3221,48.838],[-3.2931,48.8299],[-3.2762,48.8434],[-3.2647,48.8341],[-3.2574,48.8479],[-3.2339,48.8632],[-3.2384,48.8668],[-3.2245,48.8699],[-3.2062,48.8473],[-3.2193,48.8338],[-3.1736,48.8419],[-3.1678,48.8533],[-3.1024,48.8668],[-3.0718,48.8841],[-3.1017,48.8669],[-3.0851,48.8681],[-3.0759,48.8576],[-3.0933,48.8609],[-3.0835,48.8477],[-3.0993,48.8305],[-3.0714,48.8332],[-3.0536,48.8152],[-3.0082,48.8192],[-3.0171,48.8109],[-3.0016,48.8034],[-3.0046,48.7988],[-3.0455,48.7877],[-3.0442,48.7795],[-3.0429,48.7794],[-3.0429,48.7828],[-3.0408,48.7849],[-3.0098,48.7821],[-3.0278,48.7788],[-3.0299,48.7752],[-2.9897,48.7627],[-2.9603,48.7631],[-2.9514,48.7716],[-2.9438,48.7577],[-2.9287,48.7548],[-2.9422,48.7447],[-2.9342,48.7373],[-2.948,48.7272],[-2.9459,48.7215],[-2.9301,48.721],[-2.927,48.709],[-2.9042,48.6994],[-2.8892,48.6999],[-2.8838,48.6759],[-2.859,48.676],[-2.8379,48.6561],[-2.8168,48.6498],[-2.8272,48.6471],[-2.8141,48.6102],[-2.8268,48.6009],[-2.8232,48.5963],[-2.7792,48.5848],[-2.775,48.5718],[-2.7619,48.5658],[-2.7141,48.5557],[-2.7247,48.5471],[-2.7216,48.5326],[-2.7101,48.5329],[-2.7166,48.5244],[-2.6864,48.4932],[-2.6765,48.4908],[-2.6849,48.4976],[-2.6754,48.5091],[-2.682,48.5323],[-2.6696,48.5357],[-2.6547,48.5251],[-2.6326,48.5255],[-2.6327,48.5372],[-2.5634,48.5783],[-2.5698,48.5835],[-2.5538,48.5908],[-2.5533,48.5995],[-2.5271,48.5984],[-2.4736,48.6224],[-2.4755,48.6309],[-2.4679,48.6358],[-2.4846,48.6381],[-2.4871,48.6457],[-2.4377,48.6529],[-2.4185,48.647],[-2.4205,48.6292],[-2.409,48.6362],[-2.418,48.6414],[-2.3485,48.6609],[-2.3177,48.6887],[-2.3097,48.6703],[-2.2838,48.6685],[-2.3116,48.6342],[-2.3378,48.62],[-2.3139,48.6101],[-2.2738,48.6403],[-2.2425,48.6449],[-2.256,48.6354],[-2.2381,48.6258],[-2.2455,48.6152],[-2.2287,48.6111],[-2.2244,48.5949],[-2.2102,48.5872],[-2.2186,48.5702],[-2.1916,48.5922],[-2.1959,48.6104],[-2.1846,48.606],[-2.188,48.5837],[-2.1764,48.5762],[-2.1569,48.5874],[-2.1719,48.596],[-2.1502,48.6183],[-2.1239,48.6045],[-2.137,48.6133],[-2.1387,48.6249],[-2.1506,48.6275],[-2.1505,48.6351],[-2.1238,48.6355],[-2.1126,48.6454],[-2.1118,48.6382],[-2.0945,48.6337],[-2.0778,48.6409],[-2.0245,48.6375],[-2.0287,48.6504],[-1.9951,48.6604],[-1.9835,48.6714],[-1.9888,48.6843],[-1.9374,48.6842],[-1.9596,48.6905],[-1.9387,48.694],[-1.9362,48.7027],[-1.9274,48.6926],[-1.875,48.695],[-1.844,48.7125],[-1.8501,48.6993],[-1.8358,48.6803],[-1.8628,48.6673],[-1.8721,48.6463],[-1.8421,48.6146],[-1.7677,48.6025],[-1.6653,48.6101],[-1.5431,48.6314],[-1.5187,48.6273],[-1.5131,48.6175],[-1.4544,48.6258],[-1.4575,48.6064],[-1.4285,48.5548],[-1.3752,48.5491],[-1.3598,48.5278],[-1.3081,48.5059],[-1.3066,48.4861],[-1.2626,48.4626],[-1.2269,48.4224],[-1.1988,48.4269],[-1.2075,48.4425],[-1.173,48.4657],[-1.1438,48.4512],[-1.1388,48.4354],[-1.1247,48.4259],[-1.1271,48.4023],[-1.1071,48.383],[-1.047,48.3794],[-1.0215,48.3591],[-0.9637,48.3771],[-0.9554,48.3925],[-0.9227,48.4171],[-0.94,48.4477],[-0.9148,48.4654],[-0.9205,48.4794],[-0.9432,48.4969],[-0.9413,48.5069],[-0.9543,48.51],[-0.9515,48.5226],[-0.8741,48.5364],[-0.8337,48.5334],[-0.8305,48.5448],[-0.8095,48.5531],[-0.7913,48.5503],[-0.7699,48.5625],[-0.7681,48.572],[-0.7861,48.592],[-0.7862,48.6048],[-0.7748,48.6104],[-0.7823,48.6216],[-0.8019,48.6331],[-0.8425,48.636],[-0.8608,48.6547],[-0.8537,48.6625],[-0.8401,48.6598],[-0.8254,48.6759],[-0.8377,48.6901],[-0.8325,48.6946],[-0.8374,48.7115],[-0.8588,48.7186],[-0.8618,48.735],[-0.8602,48.7445],[-0.8334,48.7536],[-0.81,48.7475],[-0.7715,48.7199],[-0.733,48.7239],[-0.7129,48.7182],[-0.6996,48.7308],[-0.6831,48.7186],[-0.646,48.721],[-0.6488,48.7141],[-0.6364,48.7048],[-0.6052,48.6963],[-0.5854,48.7048],[-0.5813,48.7144],[-0.5277,48.7195],[-0.4913,48.743],[-0.4904,48.7353],[-0.4557,48.7233],[-0.4657,48.7109],[-0.457,48.6984],[-0.4885,48.6847],[-0.4974,48.6682],[-0.4937,48.6615],[-0.4254,48.6492],[-0.4224,48.6343],[-0.413,48.6415],[-0.3953,48.6393],[-0.3857,48.6263],[-0.3516,48.6158],[-0.3337,48.6231],[-0.3144,48.6192],[-0.3095,48.6076],[-0.2882,48.6017],[-0.2667,48.6064],[-0.2562,48.6196],[-0.2385,48.618],[-0.245,48.6087],[-0.2201,48.598],[-0.237,48.5691],[-0.2172,48.5613],[-0.2069,48.5661],[-0.2061,48.5592],[-0.1731,48.5476],[-0.1307,48.5431],[-0.0782,48.5666],[-0.057,48.5558],[0.0422,48.5471],[0.1011,48.5762],[0.166,48.5792],[0.1702,48.5662],[0.2043,48.5933],[0.2297,48.5905],[0.3018,48.6078],[0.3149,48.6178],[0.3115,48.6276],[0.3236,48.6447],[0.3497,48.6627],[0.3725,48.657],[0.4386,48.6712],[0.5212,48.6541],[0.5386,48.6412],[0.528,48.6218],[0.5861,48.5984],[0.6182,48.5957],[0.6279,48.6088],[0.6503,48.6054],[0.6798,48.6137],[0.7321,48.6057],[0.7429,48.5974],[0.7686,48.6021],[0.7868,48.5948],[0.8285,48.6102],[0.8395,48.6033],[0.8323,48.5807],[0.8192,48.5727],[0.8024,48.5755],[0.7882,48.5608],[0.7998,48.5587],[0.8038,48.5333],[0.8604,48.5111],[0.8635,48.4961],[0.8972,48.5036],[0.9295,48.4966],[0.9503,48.4744],[0.973,48.4687],[0.9555,48.4557],[0.9619,48.4481],[0.9479,48.4361],[0.9539,48.4247],[0.9476,48.4199],[0.9955,48.4235],[1.0497,48.4007],[1.0181,48.3779],[1.0816,48.3984],[1.1364,48.3906],[1.2228,48.415],[1.2501,48.3758],[1.3489,48.3631],[1.3892,48.3695],[1.4482,48.3402],[1.474,48.333],[1.4961,48.3391],[1.5212,48.3213],[1.5542,48.3122],[1.5612,48.3292],[1.5934,48.3441],[1.5905,48.3777],[1.6067,48.3883],[1.6303,48.3834],[1.6287,48.3713],[1.6951,48.3647],[1.7139,48.3507],[1.738,48.347],[1.7655,48.3566],[1.7911,48.3502],[1.8665,48.3726],[1.8874,48.3627],[1.926,48.3137],[1.9188,48.2998],[1.9365,48.274],[1.9262,48.2494],[1.9751,48.2486],[1.9883,48.2285],[2.037,48.2177],[2.0725,48.1865],[2.0714,48.1774],[2.0538,48.1733],[2.0588,48.1552],[2.0495,48.1418],[2.1024,48.1316],[2.1024,48.1159],[2.0864,48.1114],[2.0763,48.096],[2.0328,48.0817],[2.0244,48.0856],[2.0092,48.0716],[2.0266,48.0574],[2.0232,48.0493],[2.0538,48.0367],[2.0645,48.024],[2.0912,48.0177],[2.1123,48.0309],[2.1612,48.0275],[2.1772,48.0421],[2.2378,48.0345],[2.256,48.0457],[2.2685,48.0397],[2.2689,48.0281],[2.2898,48.02],[2.2957,48.0018],[2.3044,48.0006],[2.304,47.9895],[2.3225,47.9864],[2.3198,47.9626],[2.3397,47.9428],[2.3403,47.9317],[2.3661,47.9239],[2.3712,47.9022],[2.4023,47.8945],[2.4097,47.8692],[2.4276,47.862],[2.4441,47.836],[2.4895,47.8428],[2.494,47.8318],[2.5547,47.8079],[2.5966,47.8066],[2.6058,47.797],[2.6049,47.7654],[2.6176,47.7664],[2.6201,47.755],[2.6634,47.7492],[2.6828,47.7282],[2.7083,47.727],[2.7104,47.7122],[2.7941,47.7356],[2.8122,47.7212],[2.8826,47.7086],[2.9126,47.6837],[2.9407,47.6823],[2.9705,47.6634],[2.995,47.6655],[3.0332,47.6354],[3.0553,47.629],[3.0533,47.5997],[3.0632,47.5786],[3.0968,47.5581],[3.1576,47.5617],[3.1854,47.5832],[3.215,47.5777],[3.2178,47.5588],[3.2324,47.5467],[3.2555,47.5533],[3.284,47.5348],[3.3074,47.5324],[3.3188,47.5166],[3.3635,47.4869],[3.3438,47.4558],[3.3,47.437],[3.3008,47.4202],[3.2856,47.4118],[3.2682,47.357],[3.279,47.352],[3.3075,47.3602],[3.3085,47.3408],[3.3271,47.3315],[3.3302,47.3174],[3.3662,47.3215],[3.3674,47.3075],[3.3883,47.2885],[3.3899,47.2693],[3.4165,47.2688],[3.412,47.2562],[3.3885,47.2409],[3.3938,47.2332],[3.4572,47.2046],[3.4748,47.1788],[3.4989,47.2003],[3.5079,47.1941],[3.5329,47.2028],[3.57,47.2015],[3.5994,47.2156],[3.6249,47.2002],[3.6362,47.1609],[3.6469,47.1526],[3.746,47.1575],[3.7672,47.1655],[3.7608,47.1601],[3.7659,47.15],[3.7847,47.1403],[3.7918,47.1257],[3.8152,47.1247],[3.822,47.1316],[3.8561,47.127],[3.867,47.1168],[3.8749,47.1202],[3.8767,47.1107],[3.8909,47.1131],[3.9029,47.1009],[3.92,47.1008],[3.9137,47.0927],[3.927,47.0861],[3.9363,47.0599],[3.9216,47.0521],[3.9492,47.0283],[3.9443,47.0051],[3.9495,46.995],[3.9822,46.9838],[3.9767,46.9692],[4.0054,46.9519],[4.0193,46.9557],[4.0242,46.9833],[4.0421,46.9886],[4.0368,47.0299],[4.046,47.0351],[4.0383,47.0439],[4.0453,47.0626],[4.0384,47.075],[4.0596,47.0761],[4.0699,47.1018],[4.1001,47.1048],[4.1024,47.1167],[4.1119,47.117],[4.1244,47.1313],[4.1228,47.1553],[4.1376,47.163],[4.1255,47.1723],[4.1345,47.1795],[4.1323,47.1947],[4.1489,47.2099],[4.1482,47.2345],[4.1653,47.246],[4.1661,47.2707],[4.1825,47.2805],[4.2172,47.2728],[4.2329,47.2475],[4.2195,47.2363],[4.2691,47.2154],[4.3067,47.2101],[4.3225,47.2255],[4.3359,47.2167],[4.3716,47.228],[4.3873,47.2193],[4.4178,47.2222],[4.4292,47.2095],[4.4417,47.2184],[4.4423,47.2305],[4.4778,47.2393],[4.5681,47.1986],[4.5632,47.1812],[4.574,47.1696],[4.5817,47.1342],[4.571,47.1254],[4.5825,47.1007],[4.6025,47.0971],[4.6131,47.0734],[4.6272,47.0656],[4.661,47.058],[4.6342,46.9927],[4.6371,46.9777],[4.6262,46.9676],[4.6035,46.9729],[4.5804,46.9554],[4.5929,46.9336],[4.5722,46.9067],[4.5327,46.882],[4.5354,46.874],[4.5248,46.8677],[4.5299,46.8626],[4.5189,46.8446],[4.5224,46.8354],[4.4963,46.8164],[4.4998,46.7976],[4.4751,46.7799],[4.4649,46.7529],[4.5361,46.7359],[4.5133,46.723],[4.5122,46.7075],[4.5221,46.6914],[4.5099,46.6777],[4.5343,46.6576],[4.4795,46.6319],[4.4848,46.6149],[4.4739,46.6063],[4.4723,46.5814],[4.4592,46.5756],[4.4629,46.5623],[4.48,46.5511],[4.4669,46.5471],[4.4671,46.529],[4.4745,46.5244],[4.4617,46.5087],[4.485,46.4959],[4.4594,46.4778],[4.4777,46.4635],[4.4808,46.4514],[4.473,46.4368],[4.4842,46.4232],[4.4728,46.3974],[4.4489,46.3744],[4.4504,46.3608],[4.4432,46.3481],[4.4328,46.3466],[4.4372,46.3369],[4.4276,46.326],[4.4735,46.2818],[4.4637,46.2549],[4.4793,46.2389],[4.4921,46.2398],[4.483,46.2265],[4.4889,46.2],[4.4362,46.1662],[4.4173,46.138],[4.4326,46.1201],[4.4279,46.1044],[4.4436,46.0883],[4.4444,46.0662],[4.4308,46.0444],[4.4335,46.0372],[4.4229,46.0297],[4.4267,46.0169],[4.4154,45.9826],[4.3849,45.9612],[4.3923,45.9548],[4.39,45.9406],[4.3776,45.9174],[4.367,45.9088],[4.3496,45.9176],[4.3176,45.9063],[4.3433,45.8753],[4.3619,45.8664],[4.3612,45.8561],[4.3791,45.8505],[4.3787,45.8428],[4.3975,45.8314],[4.3998,45.8202],[4.4454,45.7924],[4.4503,45.7343],[4.4182,45.7216],[4.4001,45.6882],[4.3655,45.6712],[4.3664,45.6532],[4.4118,45.6531],[4.4771,45.6824],[4.5377,45.6866],[4.5593,45.7065],[4.5797,45.6839],[4.5665,45.6773],[4.5672,45.6503],[4.5848,45.6481],[4.6035,45.6255],[4.5734,45.6052],[4.5737,45.5888],[4.5632,45.5809],[4.4968,45.5658],[4.5034,45.5505],[4.4853,45.5339],[4.4874,45.5204],[4.4729,45.5245],[4.4487,45.5109],[4.4568,45.4684],[4.4417,45.4606],[4.4362,45.4424],[4.4211,45.4327],[4.4282,45.4193],[4.5302,45.3582],[4.5245,45.3439],[4.4815,45.3276],[4.4737,45.3108],[4.4815,45.2966],[4.4714,45.2912],[4.4668,45.2668],[4.4572,45.2568],[4.4905,45.2242],[4.477,45.2152],[4.481,45.1967],[4.4715,45.177],[4.4441,45.1603],[4.4432,45.1459],[4.4239,45.1335],[4.4042,45.1331],[4.398,45.1139],[4.4087,45.1018],[4.3824,45.0862],[4.3951,45.0711],[4.3778,45.057],[4.3807,45.0421],[4.3708,45.0394],[4.382,45.0329],[4.3644,45.021],[4.3398,45.0254],[4.3225,45.0046],[4.2838,44.9823],[4.26,44.9838],[4.2415,44.974],[4.2282,44.9527],[4.2031,44.9374],[4.2031,44.9243],[4.1908,44.9137],[4.1793,44.8819],[4.2465,44.8159],[4.2396,44.8006],[4.2443,44.7961],[4.2299,44.773],[4.1985,44.762],[4.2051,44.7513],[4.1851,44.7422],[4.1816,44.7509],[4.1536,44.7494],[4.1473,44.7335],[4.1189,44.7264],[4.1143,44.7091],[4.0879,44.7112],[4.0663,44.6969],[4.0242,44.7013],[4.0182,44.6873],[4.0265,44.6782],[4.022,44.665],[4.0272,44.6524],[4.0471,44.6507],[4.0507,44.6355],[3.9598,44.6184],[3.9478,44.5954],[3.9084,44.5883],[3.8983,44.5754],[3.9077,44.5602],[3.8894,44.5521],[3.866,44.5637],[3.8397,44.5526],[3.836,44.5653],[3.7989,44.5705],[3.7914,44.591],[3.7629,44.6003],[3.7471,44.5976],[3.7266,44.5732],[3.723,44.555],[3.6998,44.5527],[3.6922,44.566],[3.6582,44.5798],[3.6595,44.5875],[3.6434,44.605],[3.6109,44.6145],[3.6179,44.6261],[3.6026,44.6376],[3.6051,44.6518],[3.5627,44.6626],[3.5385,44.6594],[3.5454,44.6924],[3.5638,44.6987],[3.5578,44.7092],[3.5631,44.7334],[3.5436,44.7381],[3.508,44.7636],[3.497,44.7792],[3.4976,44.7996],[3.4788,44.808],[3.457,44.8454],[3.4348,44.8524],[3.4408,44.8589],[3.435,44.8819],[3.4204,44.8876],[3.4111,44.9085],[3.3672,44.917],[3.3542,44.9563],[3.3229,44.9926],[3.3239,45.011],[3.2091,45.0526],[3.202,45.0681],[3.1764,45.0812],[3.1805,45.0885],[3.1705,45.095],[3.1479,45.1066],[3.1391,45.1018],[3.1176,45.1189],[3.0928,45.115],[3.0901,45.1296],[3.0709,45.1388],[3.0569,45.1289],[3.0475,45.1363],[3.0015,45.1141],[2.9513,45.1124],[2.8914,45.0918],[2.8225,45.0493],[2.7964,45.0535],[2.7799,45.046],[2.761,45.0569],[2.7688,45.0713],[2.7173,45.0878],[2.7194,45.0999],[2.7342,45.1016],[2.7556,45.1194],[2.7806,45.121],[2.809,45.145],[2.8394,45.148],[2.8518,45.1668],[2.8646,45.1721],[2.8505,45.1819],[2.8686,45.1865],[2.8571,45.1939],[2.8619,45.2047],[2.8433,45.2189],[2.8675,45.2484],[2.8402,45.2652],[2.8546,45.2728],[2.8458,45.2785],[2.85,45.288],[2.8677,45.2921],[2.8766,45.3062],[2.9502,45.3214],[2.9545,45.3286],[2.9383,45.3366],[2.9206,45.3662],[2.9429,45.388],[2.9442,45.3983],[2.9329,45.4097],[2.9044,45.4144],[2.9053,45.4211],[2.8833,45.4227],[2.894,45.4431],[2.8776,45.4705],[2.8872,45.4874],[2.8538,45.4951],[2.8195,45.5265],[2.8327,45.5425],[2.845,45.5916],[2.8573,45.5981],[2.8532,45.6161],[2.8349,45.6247],[2.789,45.6215],[2.7657,45.6113],[2.725,45.6193],[2.6907,45.6627],[2.7012,45.6819],[2.6932,45.6999],[2.6972,45.7103],[2.6857,45.7241],[2.6722,45.7089],[2.6597,45.707],[2.6122,45.7181],[2.5627,45.7098],[2.5413,45.7153],[2.532,45.7336],[2.5214,45.7324],[2.5186,45.7508],[2.4897,45.7553],[2.4733,45.7735],[2.4479,45.7799],[2.447,45.8023],[2.4379,45.8117],[2.4467,45.8282],[2.4333,45.8406],[2.4132,45.8452],[2.4018,45.8327],[2.376,45.843],[2.3721,45.8139],[2.3418,45.7971],[2.3463,45.7904],[2.3387,45.7797],[2.3202,45.7792],[2.3225,45.7653],[2.3044,45.7601],[2.298,45.7406],[2.2786,45.7472],[2.2527,45.7423],[2.2138,45.7561],[2.1992,45.745],[2.1888,45.7464],[2.1875,45.7293],[2.1794,45.7252],[2.1626,45.7371],[2.1275,45.7325],[2.1103,45.7211],[2.1211,45.6978],[2.1183,45.6881],[2.106,45.6863],[2.0979,45.6614],[2.0847,45.6549],[2.0754,45.6687],[2.0618,45.6697],[2.0518,45.6579],[2.0164,45.6673],[2.0168,45.6615],[2.004,45.6586],[1.9894,45.6697],[1.9726,45.6704],[1.9633,45.6617],[1.9605,45.6314],[1.9285,45.622],[1.9134,45.6462],[1.8978,45.6471],[1.8787,45.6199],[1.8548,45.6131],[1.8162,45.6337],[1.7987,45.6318],[1.7859,45.6184],[1.7698,45.6325],[1.7223,45.6358],[1.6888,45.624],[1.6783,45.6169],[1.6804,45.6088],[1.6525,45.6093],[1.6422,45.5911],[1.6173,45.5811],[1.596,45.5778],[1.5674,45.5873],[1.5469,45.5656],[1.5224,45.5574],[1.5019,45.5724],[1.4823,45.5724],[1.4828,45.5795],[1.4628,45.5838],[1.4472,45.603],[1.4286,45.6075],[1.4189,45.5911],[1.3914,45.5888],[1.3693,45.5721],[1.3508,45.5857],[1.3389,45.5752],[1.3177,45.5725],[1.2886,45.5791],[1.2675,45.607],[1.2386,45.6184],[1.2253,45.653],[1.2158,45.659],[1.1986,45.6508],[1.1736,45.6582],[1.1335,45.6368],[1.1137,45.6432],[1.0812,45.6383],[1.0771,45.6437],[1.0875,45.6574],[1.0757,45.6567],[1.0553,45.638],[1.0409,45.6363],[1.0394,45.6554],[0.9898,45.6649],[0.9328,45.7135],[0.8855,45.7305],[0.8588,45.7267],[0.7869,45.7472],[0.7687,45.7612],[0.7738,45.7767],[0.7499,45.7929],[0.7438,45.8082],[0.7172,45.8183],[0.7044,45.837],[0.6463,45.8509],[0.6169,45.8792],[0.6066,45.9206],[0.6092,45.9557],[0.5969,45.9715],[0.6039,45.9876],[0.591,45.9941],[0.5875,46.032],[0.5659,46.0491],[0.5604,46.0704],[0.5322,46.0771],[0.5363,46.0859],[0.5226,46.0857],[0.4983,46.1052],[0.4675,46.1053],[0.4563,46.1312],[0.4302,46.1414],[0.4275,46.1471],[0.4377,46.1552],[0.4278,46.1674],[0.4139,46.16],[0.392,46.1616],[0.3886,46.1733],[0.359,46.1914],[0.3369,46.1945],[0.2962,46.2192],[0.2852,46.2175],[0.2767,46.2335],[0.2538,46.2436],[0.2385,46.2397],[0.2369,46.2471],[0.1913,46.228],[0.1942,46.2078],[0.1819,46.1967],[0.1467,46.19],[0.1468,46.1794],[0.1315,46.1725],[0.1336,46.156],[0.1221,46.1375],[0.0368,46.1336],[0.0166,46.1439],[-0.0175,46.1452],[-0.0174,46.1531],[-0.0308,46.1571],[-0.0258,46.1824],[-0.0518,46.1921],[-0.0646,46.2258],[-0.108,46.2807],[-0.1402,46.2882],[-0.1755,46.2798],[-0.2084,46.2938],[-0.223,46.291],[-0.2441,46.272],[-0.2371,46.2599],[-0.2556,46.2283],[-0.3105,46.221],[-0.3366,46.1978],[-0.3883,46.1771],[-0.3764,46.1585],[-0.3817,46.1454],[-0.3709,46.1197],[-0.4217,46.1118],[-0.4281,46.1078],[-0.4222,46.1019],[-0.4529,46.0898],[-0.4841,46.1032],[-0.5107,46.0844],[-0.5564,46.1007],[-0.6452,46.0855],[-0.6592,46.1154],[-0.6773,46.1295],[-0.6886,46.1203],[-0.7669,46.1216],[-0.8137,46.0933],[-0.8583,46.0981],[-0.883,46.0846],[-0.9322,46.0739],[-0.9812,46.085],[-1.0032,46.1],[-1.0274,46.0908],[-1.0362,46.0764],[-1.0592,46.0644],[-1.0894,46.0569],[-1.1007,46.0939],[-1.1431,46.1064],[-1.1245,46.1114],[-1.1282,46.1265],[-1.1742,46.1383],[-1.1506,46.1579],[-1.206,46.1458],[-1.229,46.1497],[-1.2323,46.1523],[-1.2204,46.1528],[-1.2233,46.1611],[-1.2292,46.1589],[-1.2252,46.1653],[-1.2374,46.1652],[-1.2421,46.1575],[-1.2385,46.1653],[-1.2192,46.1702],[-1.2004,46.202],[-1.1935,46.199],[-1.1891,46.2091],[-1.2067,46.2032],[-1.2001,46.2125],[-1.1484,46.2385],[-1.1423,46.2547],[-1.1112,46.2614],[-1.1211,46.2887],[-1.1135,46.2919],[-1.1216,46.2897],[-1.127,46.3076],[-1.1626,46.3237],[-1.1641,46.3327],[-1.1674,46.3197],[-1.2031,46.3158],[-1.1956,46.3003],[-1.2069,46.2882],[-1.2053,46.2665],[-1.2767,46.3079],[-1.2986,46.3095],[-1.2873,46.2968],[-1.2815,46.3002],[-1.2909,46.2897],[-1.2724,46.2915],[-1.2884,46.2887],[-1.283,46.2862],[-1.2968,46.2914],[-1.3007,46.2943],[-1.3275,46.3273],[-1.3607,46.3418],[-1.4679,46.3428],[-1.488,46.3814],[-1.5146,46.404],[-1.6479,46.4202],[-1.6541,46.4235],[-1.6482,46.4264],[-1.6476,46.4329],[-1.6222,46.4277],[-1.6097,46.4336],[-1.6368,46.4315],[-1.6322,46.4414],[-1.6392,46.4446],[-1.6446,46.4336],[-1.6544,46.4333],[-1.652,46.4283],[-1.711,46.4512],[-1.7778,46.493],[-1.8096,46.4918],[-1.8571,46.6099],[-1.8983,46.6397],[-1.942,46.692],[-1.9657,46.6914],[-1.9977,46.7322],[-2.06,46.776],[-2.1415,46.8183],[-2.1548,46.8899],[-2.1122,46.8949],[-2.1172,46.909],[-2.0817,46.9383],[-2.0711,46.935],[-2.0743,46.9409],[-2.0399,46.9687],[-2.0465,46.9781],[-2.0325,46.9917],[-2.0384,46.9972],[-2.0294,47.0098],[-1.9801,47.0279],[-2.0046,47.0613],[-2.0325,47.0736],[-2.0524,47.0941],[-2.1085,47.108],[-2.0988,47.1152],[-2.1371,47.1107],[-2.2472,47.1323],[-2.225,47.1532],[-2.1788,47.156],[-2.167,47.1664],[-2.1583,47.2091],[-2.1812,47.2322],[-2.1694,47.2487],[-2.1782,47.2967],[-2.1883,47.2905],[-2.1814,47.2837],[-2.19,47.2848],[-2.1959,47.2755],[-2.198,47.2897],[-2.2023,47.2703],[-2.2218,47.2666],[-2.2224,47.2585],[-2.2474,47.2558],[-2.2672,47.2384],[-2.2984,47.2331],[-2.3751,47.2787],[-2.4163,47.278],[-2.4248,47.2713],[-2.4167,47.2587],[-2.4306,47.2582],[-2.5472,47.2924],[-2.5205,47.3013],[-2.4977,47.2853],[-2.4771,47.2853],[-2.4804,47.2931],[-2.4697,47.2954],[-2.4924,47.3053],[-2.4695,47.3099],[-2.4827,47.3173],[-2.5037,47.3125],[-2.5117,47.3006],[-2.5036,47.3231],[-2.5085,47.3442],[-2.5275,47.3637],[-2.5584,47.3756],[-2.4681,47.421],[-2.4643,47.4104],[-2.4318,47.4157],[-2.4587,47.4232],[-2.4456,47.4356],[-2.4574,47.448],[-2.4802,47.4412],[-2.4952,47.4497],[-2.5009,47.4583],[-2.4886,47.4714],[-2.5011,47.4928],[-2.406,47.4892],[-2.3832,47.5017],[-2.4396,47.4985],[-2.5344,47.5281],[-2.5499,47.5106],[-2.5913,47.5179],[-2.6215,47.5047],[-2.6601,47.5094],[-2.6814,47.4968],[-2.6751,47.4918],[-2.7248,47.5064],[-2.7819,47.4951],[-2.7937,47.4842],[-2.8159,47.4868],[-2.8501,47.4985],[-2.8473,47.5116],[-2.855,47.5183],[-2.8475,47.5193],[-2.858,47.5188],[-2.885,47.5374],[-2.9037,47.5345],[-2.8906,47.5448],[-2.9128,47.5423],[-2.9197,47.5479],[-2.9086,47.5498],[-2.9146,47.5576],[-2.8979,47.5636],[-2.8952,47.555],[-2.8908,47.5618],[-2.8834,47.5565],[-2.8784,47.5637],[-2.8782,47.5548],[-2.8671,47.5582],[-2.8742,47.5473],[-2.8587,47.5507],[-2.8618,47.5397],[-2.8538,47.5366],[-2.8448,47.5383],[-2.8536,47.5415],[-2.8487,47.5482],[-2.8389,47.5437],[-2.827,47.55],[-2.8305,47.5456],[-2.8272,47.5365],[-2.8236,47.5364],[-2.8264,47.5434],[-2.8176,47.5424],[-2.8228,47.5566],[-2.8057,47.5553],[-2.8075,47.5407],[-2.7996,47.5371],[-2.7998,47.5474],[-2.7877,47.5525],[-2.7771,47.5488],[-2.7808,47.5396],[-2.7669,47.5432],[-2.7679,47.5358],[-2.7348,47.5409],[-2.7286,47.5474],[-2.7351,47.5526],[-2.7246,47.563],[-2.7291,47.5679],[-2.7177,47.5676],[-2.7185,47.5881],[-2.7109,47.588],[-2.716,47.5826],[-2.7101,47.5756],[-2.7076,47.587],[-2.6985,47.5905],[-2.6961,47.5838],[-2.6898,47.5899],[-2.6924,47.6075],[-2.6822,47.6042],[-2.6954,47.6245],[-2.6866,47.6314],[-2.7026,47.6316],[-2.6907,47.6381],[-2.7009,47.6355],[-2.7124,47.6486],[-2.7068,47.635],[-2.716,47.6314],[-2.7027,47.6234],[-2.7154,47.6255],[-2.7173,47.6199],[-2.7001,47.6186],[-2.6955,47.6102],[-2.7178,47.6155],[-2.7097,47.6103],[-2.7128,47.6018],[-2.7027,47.6022],[-2.7203,47.5896],[-2.7215,47.6032],[-2.7375,47.6054],[-2.7324,47.6014],[-2.7321,47.5986],[-2.7808,47.6212],[-2.8122,47.6223],[-2.8355,47.6125],[-2.8287,47.6188],[-2.859,47.623],[-2.8664,47.6179],[-2.8677,47.6248],[-2.8752,47.6249],[-2.8691,47.6155],[-2.8585,47.6178],[-2.8685,47.6066],[-2.8588,47.6013],[-2.8646,47.5967],[-2.8889,47.6036],[-2.8894,47.5745],[-2.8896,47.5824],[-2.9055,47.5819],[-2.9054,47.5901],[-2.9133,47.5919],[-2.9379,47.566],[-2.9288,47.5548],[-2.9522,47.5563],[-2.9574,47.5652],[-2.9629,47.5534],[-2.9788,47.5621],[-2.969,47.5598],[-2.9768,47.5778],[-2.9927,47.5811],[-2.984,47.5864],[-2.9825,47.5896],[-2.9905,47.5844],[-2.9995,47.5909],[-2.9875,47.5664],[-3.0072,47.5682],[-3.0231,47.5915],[-3.0173,47.5891],[-3.0143,47.599],[-3.0261,47.6083],[-3.0211,47.6108],[-3.0283,47.6184],[-3.0209,47.621],[-3.0212,47.6241],[-3.0317,47.6235],[-3.0364,47.6396],[-3.0361,47.6308],[-3.0474,47.6316],[-3.0478,47.6274],[-3.036,47.6297],[-3.027,47.6153],[-3.0296,47.6106],[-3.0245,47.6047],[-3.0311,47.6001],[-3.0182,47.5666],[-3.0395,47.5737],[-3.0381,47.5804],[-3.0313,47.5744],[-3.0439,47.5875],[-3.041,47.579],[-3.0523,47.5778],[-3.0533,47.5692],[-3.0959,47.5635],[-3.1067,47.5752],[-3.0919,47.574],[-3.0919,47.5795],[-3.1048,47.5808],[-3.125,47.5989],[-3.1308,47.5958],[-3.1295,47.5746],[-3.1153,47.5759],[-3.1335,47.5464],[-3.1266,47.5131],[-3.1179,47.5099],[-3.1179,47.4966],[-3.0793,47.4689],[-3.1182,47.4789],[-3.1309,47.4732],[-3.1458,47.4836],[-3.1529,47.5215],[-3.1622,47.5296],[-3.1462,47.5301],[-3.1345,47.5464],[-3.1399,47.5797],[-3.1584,47.607]]],[[[-5.0588,48.4669],[-5.0325,48.4628],[-5.0625,48.4487],[-5.0804,48.451],[-5.1029,48.4361],[-5.1182,48.4382],[-5.0922,48.4501],[-5.0993,48.4564],[-5.1416,48.4493],[-5.1317,48.4596],[-5.1077,48.4651],[-5.107,48.4717],[-5.0761,48.4743],[-5.0699,48.479],[-5.0744,48.4829],[-5.0505,48.4762],[-5.0588,48.4669]]],[[[-4.023,48.7533],[-3.9887,48.739],[-4.0404,48.7459],[-4.023,48.7533]]],[[[-2.2822,46.6908],[-2.333,46.6855],[-2.3694,46.7016],[-2.3838,46.6993],[-2.3807,46.7049],[-2.3941,46.708],[-2.4003,46.7261],[-2.3822,46.7334],[-2.347,46.7297],[-2.3386,46.7193],[-2.3181,46.7197],[-2.2822,46.6908]]],[[[-2.148,46.8945],[-2.18,46.9353],[-2.2085,46.9581],[-2.2302,46.966],[-2.2594,46.9585],[-2.3021,46.9898],[-2.2923,47.0119],[-2.3077,47.0248],[-2.2521,47.0279],[-2.2223,47.0145],[-2.2199,46.9905],[-2.2414,46.9989],[-2.2469,46.9941],[-2.2354,46.9953],[-2.2398,46.9898],[-2.2317,46.9897],[-2.2376,46.9817],[-2.2309,46.9733],[-2.1567,46.9495],[-2.147,46.9247],[-2.1532,46.9069],[-2.148,46.8945]]],[[[-1.4145,46.2046],[-1.3547,46.2061],[-1.3235,46.1874],[-1.2918,46.1868],[-1.2746,46.1603],[-1.2554,46.162],[-1.2791,46.1437],[-1.3129,46.1436],[-1.4618,46.2022],[-1.5053,46.1938],[-1.5345,46.2025],[-1.563,46.2446],[-1.543,46.2432],[-1.5003,46.2582],[-1.4745,46.2334],[-1.4888,46.2286],[-1.5037,46.2395],[-1.5006,46.2319],[-1.5084,46.2267],[-1.5152,46.2348],[-1.5167,46.2213],[-1.4938,46.2132],[-1.5022,46.2109],[-1.4973,46.2037],[-1.4836,46.2023],[-1.4832,46.2126],[-1.4704,46.2118],[-1.4592,46.2285],[-1.4197,46.2304],[-1.4101,46.2277],[-1.4444,46.2139],[-1.4145,46.2046]]]]}},{"type":"Feature","properties":{},"geometry":{"type":"MultiPolygon","coordinates":[[[[-1.0629,42.9864],[-1.0903,42.9895],[-1.0864,43.0028],[-1.0987,43.0133],[-1.1242,42.9976],[-1.1588,43.017],[-1.1817,43.0187],[-1.2151,43.0476],[-1.2631,43.0436],[-1.333,43.0185],[-1.3664,43.0311],[-1.3736,43.0202],[-1.3888,43.0195],[-1.4118,43.0348],[-1.4477,43.0189],[-1.451,43.0315],[-1.4924,43.0394],[-1.4972,43.0519],[-1.4662,43.0737],[-1.4747,43.0878],[-1.4156,43.127],[-1.4104,43.1426],[-1.4164,43.1494],[-1.402,43.156],[-1.4027,43.1784],[-1.3841,43.1893],[-1.3872,43.2005],[-1.4084,43.1951],[-1.4453,43.1998],[-1.4724,43.2407],[-1.4976,43.2339],[-1.5329,43.2049],[-1.5343,43.1925],[-1.5635,43.1727],[-1.6272,43.2101],[-1.6789,43.2277],[-1.6895,43.195],[-1.7121,43.1835],[-1.7276,43.1599],[-1.7525,43.1552],[-1.7647,43.1716],[-1.7642,43.2269],[-1.7881,43.244],[-1.7864,43.2906],[-1.8388,43.3028],[-1.8569,43.3445],[-1.8128,43.3706],[-1.7919,43.3939],[-1.7972,43.3772],[-1.7894,43.38],[-1.7922,43.3673],[-1.7831,43.3624],[-1.7964,43.3494],[-1.7699,43.3649],[-1.7892,43.3745],[-1.7622,43.3758],[-1.7519,43.3853],[-1.7331,43.3801],[-1.6824,43.3966],[-1.6827,43.3898],[-1.6634,43.3855],[-1.6691,43.3882],[-1.6609,43.3932],[-1.6622,43.4031],[-1.5971,43.4319],[-1.5684,43.4741],[-1.5713,43.4847],[-1.548,43.4939],[-1.5289,43.5188],[-1.4598,43.6206],[-1.4456,43.6552],[-1.4354,43.649],[-1.4273,43.6554],[-1.4394,43.6546],[-1.4274,43.6638],[-1.4292,43.6831],[-1.431,43.6624],[-1.4463,43.6561],[-1.42,43.7722],[-1.3891,43.857],[-1.3272,44.0885],[-1.3148,44.0857],[-1.327,44.0917],[-1.2993,44.2108],[-1.2799,44.2058],[-1.2981,44.2164],[-1.2549,44.4571],[-1.2509,44.5058],[-1.2597,44.5451],[-1.2133,44.5978],[-1.2041,44.6406],[-1.1914,44.6609],[-1.144,44.6606],[-1.144,44.6565],[-1.1391,44.6537],[-1.139,44.6526],[-1.1549,44.6448],[-1.1439,44.638],[-1.1399,44.6481],[-1.1177,44.6473],[-1.1191,44.6403],[-1.1027,44.6463],[-1.0897,44.6407],[-1.0508,44.6444],[-1.0393,44.6538],[-1.019,44.6415],[-1.0129,44.6413],[-1.0198,44.6486],[-1.0037,44.6484],[-1.0259,44.6758],[-1.0195,44.679],[-1.0451,44.6814],[-1.038,44.6854],[-1.0402,44.6862],[-1.0501,44.6821],[-1.0693,44.6962],[-1.0361,44.6935],[-1.0559,44.7096],[-1.1182,44.7442],[-1.1229,44.7516],[-1.1183,44.7533],[-1.1163,44.7565],[-1.1274,44.7507],[-1.1675,44.7761],[-1.1801,44.7582],[-1.1737,44.7457],[-1.2226,44.7103],[-1.2326,44.6933],[-1.2483,44.6364],[-1.2458,44.6318],[-1.2421,44.6448],[-1.2445,44.6231],[-1.2528,44.6179],[-1.262,44.6319],[-1.162,45.2995],[-1.1606,45.4109],[-1.151,45.4423],[-1.1567,45.4743],[-1.1386,45.5083],[-1.1013,45.5399],[-1.0916,45.562],[-1.0609,45.5734],[-1.0641,45.5552],[-1.0429,45.5443],[-1.038,45.5336],[-1.0623,45.5363],[-1.0507,45.5263],[-1.0694,45.5276],[-1.0655,45.5104],[-0.9716,45.4531],[-0.9317,45.4396],[-0.9042,45.4074],[-0.879,45.3989],[-0.8102,45.3519],[-0.7648,45.282],[-0.74,45.1841],[-0.6943,45.1002],[-0.6677,45.0762],[-0.6336,45.0625],[-0.668,45.1286],[-0.6702,45.1689],[-0.6889,45.2209],[-0.6934,45.2653],[-0.7243,45.3597],[-0.7731,45.449],[-0.8542,45.5149],[-0.9097,45.5344],[-0.9171,45.5508],[-0.9703,45.5609],[-0.9747,45.5704],[-0.993,45.5771],[-0.9948,45.5988],[-1.0147,45.6015],[-1.0098,45.6119],[-1.022,45.6225],[-1.0426,45.6172],[-1.0755,45.6385],[-1.1152,45.6465],[-1.2044,45.6955],[-1.2315,45.6929],[-1.2185,45.6738],[-1.2035,45.6736],[-1.2221,45.6727],[-1.2359,45.693],[-1.2417,45.7862],[-1.2302,45.7902],[-1.2022,45.7945],[-1.1884,45.7899],[-1.1561,45.8023],[-1.1393,45.7991],[-1.1325,45.8067],[-1.1524,45.8322],[-1.1512,45.8472],[-1.1641,45.8436],[-1.1681,45.8489],[-1.1608,45.8503],[-1.1698,45.855],[-1.1511,45.8519],[-1.1532,45.8624],[-1.1212,45.8565],[-1.1085,45.8677],[-1.0983,45.8598],[-1.1057,45.8674],[-1.0983,45.8782],[-1.0788,45.8719],[-1.0992,45.8809],[-1.0756,45.9075],[-1.0762,45.9343],[-1.1007,45.945],[-1.077,45.9497],[-1.077,45.9595],[-1.0836,45.9793],[-1.1219,46.0036],[-1.0955,45.9919],[-1.0574,45.9979],[-1.0528,46.0111],[-1.0617,46.0454],[-1.0894,46.0569],[-1.0592,46.0644],[-1.0362,46.0764],[-1.0274,46.0908],[-1.0032,46.1],[-0.9812,46.085],[-0.9322,46.0739],[-0.883,46.0846],[-0.8583,46.0981],[-0.8137,46.0933],[-0.7669,46.1216],[-0.6886,46.1203],[-0.6773,46.1295],[-0.6592,46.1154],[-0.6452,46.0855],[-0.5564,46.1007],[-0.5107,46.0844],[-0.4841,46.1032],[-0.4529,46.0898],[-0.4222,46.1019],[-0.4281,46.1078],[-0.4217,46.1118],[-0.3709,46.1197],[-0.3817,46.1454],[-0.3764,46.1585],[-0.3883,46.1771],[-0.3366,46.1978],[-0.3105,46.221],[-0.2556,46.2283],[-0.2371,46.2599],[-0.2441,46.272],[-0.223,46.291],[-0.2084,46.2938],[-0.1755,46.2798],[-0.1402,46.2882],[-0.108,46.2807],[-0.0646,46.2258],[-0.0518,46.1921],[-0.0258,46.1824],[-0.0308,46.1571],[-0.0174,46.1531],[-0.0175,46.1452],[0.0166,46.1439],[0.0368,46.1336],[0.1221,46.1375],[0.1336,46.156],[0.1315,46.1725],[0.1468,46.1794],[0.1467,46.19],[0.1811,46.1963],[0.1942,46.2078],[0.1925,46.2291],[0.2335,46.2472],[0.2385,46.2397],[0.2538,46.2436],[0.2791,46.2318],[0.2852,46.2175],[0.2962,46.2192],[0.3369,46.1945],[0.359,46.1914],[0.3886,46.1733],[0.3913,46.1619],[0.4139,46.16],[0.4278,46.1674],[0.4377,46.1552],[0.4275,46.1471],[0.4302,46.1414],[0.4563,46.1312],[0.4675,46.1053],[0.4983,46.1052],[0.5226,46.0857],[0.5363,46.0859],[0.5322,46.0771],[0.5604,46.0704],[0.5659,46.0491],[0.5875,46.032],[0.591,45.9941],[0.6039,45.9876],[0.5969,45.9715],[0.6092,45.9557],[0.6066,45.9206],[0.6169,45.8792],[0.6463,45.8509],[0.7044,45.837],[0.7172,45.8183],[0.7438,45.8082],[0.7499,45.7929],[0.7738,45.7767],[0.7687,45.7612],[0.7869,45.7472],[0.8588,45.7267],[0.8855,45.7305],[0.9328,45.7135],[0.9898,45.6649],[1.0394,45.6554],[1.0409,45.6363],[1.0553,45.638],[1.0757,45.6567],[1.0875,45.6574],[1.0771,45.6437],[1.0812,45.6383],[1.1137,45.6432],[1.1335,45.6368],[1.1736,45.6582],[1.1986,45.6508],[1.2182,45.6583],[1.2386,45.6184],[1.2675,45.607],[1.287,45.5798],[1.3177,45.5725],[1.3389,45.5752],[1.3508,45.5857],[1.365,45.5809],[1.3676,45.572],[1.3808,45.5756],[1.3914,45.5888],[1.4189,45.5911],[1.4284,45.6075],[1.4472,45.603],[1.4628,45.5838],[1.4828,45.5795],[1.4823,45.5724],[1.5019,45.5724],[1.5239,45.5575],[1.5469,45.5656],[1.5674,45.5873],[1.596,45.5778],[1.6173,45.5811],[1.6422,45.5911],[1.6525,45.6093],[1.6804,45.6088],[1.6783,45.6169],[1.6888,45.624],[1.7223,45.6358],[1.7698,45.6325],[1.7859,45.6184],[1.7987,45.6318],[1.8162,45.6337],[1.8548,45.6131],[1.8787,45.6199],[1.8978,45.6471],[1.9134,45.6462],[1.9285,45.622],[1.9605,45.6314],[1.9633,45.6617],[1.9726,45.6704],[1.9894,45.6697],[2.004,45.6586],[2.0168,45.6615],[2.0164,45.6673],[2.0518,45.6579],[2.0618,45.6697],[2.0754,45.6687],[2.0847,45.6549],[2.0979,45.6614],[2.106,45.6863],[2.1183,45.6881],[2.1211,45.6978],[2.1103,45.7211],[2.1275,45.7325],[2.1626,45.7371],[2.1794,45.7252],[2.1875,45.7293],[2.1888,45.7464],[2.1992,45.745],[2.2138,45.7561],[2.2527,45.7423],[2.2786,45.7472],[2.298,45.7406],[2.3044,45.7601],[2.3225,45.7653],[2.3202,45.7792],[2.3387,45.7797],[2.3463,45.7904],[2.3418,45.7971],[2.3721,45.8139],[2.376,45.843],[2.4018,45.8327],[2.4132,45.8452],[2.4313,45.8414],[2.4467,45.8282],[2.4379,45.8117],[2.447,45.8023],[2.4479,45.7799],[2.4733,45.7735],[2.4897,45.7553],[2.5186,45.7508],[2.5214,45.7324],[2.532,45.7336],[2.5413,45.7153],[2.5627,45.7098],[2.6122,45.7181],[2.6597,45.707],[2.6722,45.7089],[2.6857,45.7241],[2.6972,45.7103],[2.6932,45.6999],[2.7012,45.6819],[2.6907,45.6627],[2.725,45.6193],[2.7657,45.6113],[2.789,45.6215],[2.8349,45.6247],[2.8532,45.6161],[2.8573,45.5981],[2.845,45.5916],[2.8327,45.5425],[2.8195,45.5265],[2.8538,45.4951],[2.8872,45.4874],[2.8776,45.4705],[2.894,45.4431],[2.8833,45.4227],[2.9053,45.4211],[2.9044,45.4144],[2.9329,45.4097],[2.9442,45.3983],[2.9429,45.388],[2.9206,45.3662],[2.9383,45.3366],[2.9545,45.3286],[2.9502,45.3214],[2.8766,45.3062],[2.8677,45.2921],[2.85,45.288],[2.8458,45.2785],[2.8546,45.2728],[2.8402,45.2652],[2.8675,45.2484],[2.8433,45.2189],[2.8619,45.2047],[2.8571,45.1939],[2.8686,45.1865],[2.8505,45.1819],[2.8646,45.1721],[2.8518,45.1668],[2.8394,45.148],[2.809,45.145],[2.7806,45.121],[2.7556,45.1194],[2.7342,45.1016],[2.7194,45.0999],[2.7173,45.0878],[2.7688,45.0713],[2.761,45.0569],[2.7799,45.046],[2.7964,45.0535],[2.8225,45.0493],[2.8914,45.0918],[2.9513,45.1124],[3.0015,45.1141],[3.0475,45.1363],[3.0569,45.1289],[3.0709,45.1388],[3.0901,45.1296],[3.0928,45.115],[3.1176,45.1189],[3.1261,45.1079],[3.1391,45.1018],[3.149,45.1062],[3.1797,45.0893],[3.1764,45.0812],[3.202,45.0681],[3.2091,45.0526],[3.3239,45.011],[3.3229,44.9926],[3.3542,44.9563],[3.3672,44.917],[3.4111,44.9085],[3.4204,44.8876],[3.435,44.8819],[3.4408,44.8589],[3.4348,44.8524],[3.457,44.8454],[3.4788,44.808],[3.4976,44.7996],[3.497,44.7792],[3.508,44.7636],[3.5436,44.7381],[3.5631,44.7334],[3.5578,44.7092],[3.5638,44.6987],[3.5454,44.6924],[3.5385,44.6594],[3.5627,44.6626],[3.6042,44.6523],[3.6026,44.6376],[3.6179,44.6261],[3.6109,44.6145],[3.6434,44.605],[3.6593,44.5789],[3.6922,44.566],[3.6979,44.5533],[3.723,44.555],[3.7388,44.5369],[3.775,44.5339],[3.7862,44.5153],[3.772,44.4926],[3.7375,44.4759],[3.7488,44.4588],[3.7484,44.4302],[3.7585,44.4183],[3.7774,44.4258],[3.7934,44.4079],[3.8276,44.4151],[3.874,44.394],[3.8593,44.3687],[3.8464,44.3674],[3.8498,44.3565],[3.8375,44.35],[3.837,44.3391],[3.8166,44.3268],[3.8152,44.3011],[3.7842,44.2777],[3.8017,44.2666],[3.7665,44.2564],[3.7649,44.2408],[3.7303,44.2472],[3.7198,44.2372],[3.6945,44.2369],[3.6859,44.2266],[3.6652,44.2333],[3.6513,44.2479],[3.6143,44.2398],[3.6227,44.2241],[3.6055,44.2133],[3.6097,44.1816],[3.6035,44.1752],[3.6186,44.1558],[3.6538,44.146],[3.6357,44.1408],[3.6341,44.1236],[3.625,44.1178],[3.5641,44.1235],[3.5421,44.1172],[3.5381,44.0963],[3.5917,44.0675],[3.5759,44.0669],[3.5647,44.0505],[3.5542,44.0577],[3.5392,44.0504],[3.54,44.0409],[3.5257,44.0286],[3.4998,44.0343],[3.4166,44.0154],[3.3697,43.981],[3.3558,43.9812],[3.3495,43.9899],[3.3365,43.9746],[3.3369,43.9519],[3.3467,43.9462],[3.3127,43.9042],[3.2425,43.8794],[3.2373,43.8642],[3.2087,43.8722],[3.1576,43.8633],[3.1188,43.8439],[3.0889,43.8497],[3.0762,43.8358],[3.0644,43.8356],[3.0591,43.8312],[3.0663,43.823],[3.0642,43.8093],[3.0484,43.8014],[3.0604,43.7852],[3.0325,43.748],[3.023,43.7456],[3.0364,43.7214],[3.009,43.7017],[2.9838,43.709],[2.9226,43.6862],[2.9501,43.6333],[2.9293,43.6311],[2.9302,43.6248],[2.9062,43.6118],[2.9082,43.6032],[2.8549,43.6037],[2.8399,43.5989],[2.8321,43.5861],[2.7897,43.5802],[2.7803,43.5748],[2.7905,43.5596],[2.778,43.5389],[2.7322,43.526],[2.694,43.5261],[2.6843,43.5117],[2.6712,43.5154],[2.6708,43.5037],[2.6575,43.4888],[2.6745,43.4799],[2.6689,43.473],[2.6778,43.4629],[2.7189,43.4467],[2.7214,43.4382],[2.6946,43.4307],[2.635,43.4366],[2.6228,43.4284],[2.5998,43.4303],[2.601,43.423],[2.5873,43.4119],[2.5661,43.4225],[2.5183,43.4221],[2.497,43.4371],[2.4699,43.4374],[2.4714,43.4283],[2.4551,43.4133],[2.4522,43.3893],[2.4264,43.3858],[2.4048,43.396],[2.3805,43.4222],[2.3347,43.4309],[2.3318,43.4424],[2.3117,43.4414],[2.3055,43.4549],[2.2694,43.4588],[2.2552,43.4722],[2.2146,43.4464],[2.2072,43.429],[2.1898,43.4307],[2.1654,43.4143],[2.1679,43.4047],[2.1423,43.3933],[2.1034,43.3936],[2.084,43.4065],[2.064,43.4045],[2.0529,43.4129],[2.0325,43.406],[2.0186,43.4159],[1.9678,43.4037],[1.9494,43.4192],[1.9207,43.4285],[1.9105,43.4232],[1.8828,43.4448],[1.8866,43.4313],[1.8715,43.4257],[1.8715,43.401],[1.8299,43.3804],[1.8362,43.3744],[1.8234,43.3624],[1.8321,43.3537],[1.801,43.3498],[1.7977,43.3403],[1.8412,43.321],[1.9123,43.2698],[1.9093,43.2613],[1.9409,43.2483],[1.9537,43.2282],[1.9827,43.2171],[1.9835,43.1979],[2.0355,43.1815],[2.0371,43.1718],[2.0488,43.1666],[2.0243,43.1637],[2.0131,43.1458],[2.0033,43.1471],[1.9981,43.1121],[2.0231,43.0781],[2.0409,43.0739],[2.0586,43.0487],[2.0951,43.0209],[2.0911,43.0154],[2.0981,43.0086],[2.0874,43.0033],[2.0916,42.9844],[2.0805,42.9736],[2.0844,42.9596],[2.0774,42.949],[2.0833,42.9427],[2.0741,42.9299],[2.1071,42.9144],[2.1165,42.896],[2.1095,42.8745],[2.089,42.8729],[2.0965,42.8651],[2.0725,42.871],[2.0785,42.8635],[2.0711,42.8636],[2.0674,42.8504],[2.0471,42.8643],[2.0356,42.8617],[2.0159,42.8786],[2.0144,42.8936],[1.9767,42.9031],[1.9503,42.8945],[1.9739,42.8732],[1.9432,42.8631],[1.9383,42.8501],[1.9164,42.8473],[1.9018,42.835],[1.9209,42.8286],[1.9232,42.8001],[1.9451,42.7832],[1.9069,42.7672],[1.9122,42.7563],[1.9465,42.7458],[1.9491,42.7369],[1.9922,42.7344],[1.9679,42.7121],[1.9669,42.7001],[1.9828,42.6716],[2.0069,42.6714],[2.0022,42.6612],[1.9722,42.6172],[1.9501,42.6173],[1.933,42.6046],[1.9127,42.6118],[1.9097,42.6216],[1.8931,42.6063],[1.8974,42.6021],[1.8892,42.5914],[1.8739,42.5895],[1.8654,42.5796],[1.859,42.5835],[1.8298,42.5639],[1.7915,42.5585],[1.7789,42.5426],[1.7885,42.5313],[1.7419,42.5149],[1.7218,42.5191],[1.7171,42.5582],[1.6955,42.5741],[1.7258,42.5854],[1.7361,42.6185],[1.7147,42.6158],[1.6885,42.6252],[1.6609,42.6204],[1.6374,42.6301],[1.6023,42.6261],[1.5639,42.6527],[1.5049,42.6448],[1.4941,42.6539],[1.4778,42.6512],[1.4684,42.6312],[1.4768,42.6145],[1.4693,42.6075],[1.4393,42.6035],[1.4195,42.627],[1.4138,42.655],[1.3877,42.6694],[1.3881,42.6881],[1.3521,42.7022],[1.3564,42.7196],[1.3293,42.7243],[1.2542,42.7149],[1.2294,42.7273],[1.1665,42.7089],[1.1336,42.7281],[1.1278,42.7557],[1.0786,42.7883],[1.0457,42.7808],[1.0053,42.7904],[0.9833,42.7872],[0.9612,42.8054],[0.9337,42.7904],[0.9347,42.7708],[0.9244,42.752],[0.9366,42.7427],[0.942,42.7104],[1.0048,42.7129],[1.0179,42.7055],[0.9818,42.6622],[0.9931,42.645],[0.9769,42.6253],[0.9864,42.6114],[0.964,42.6034],[0.9537,42.6073],[0.9522,42.5944],[0.9393,42.5898],[0.9202,42.5928],[0.9142,42.6079],[0.8969,42.6131],[0.8966,42.6268],[0.8797,42.6328],[0.829,42.6066],[0.7725,42.6539],[0.7006,42.6285],[0.6965,42.6526],[0.6767,42.6624],[0.6705,42.681],[0.6476,42.6942],[0.5988,42.7051],[0.5888,42.695],[0.5291,42.7031],[0.5181,42.6918],[0.477,42.7004],[0.4267,42.6901],[0.3956,42.6996],[0.3923,42.7132],[0.3606,42.7242],[0.3253,42.705],[0.3215,42.6841],[0.2948,42.6742],[0.2647,42.6933],[0.2684,42.702],[0.2593,42.7165],[0.2234,42.7186],[0.1779,42.7363],[0.1624,42.7225],[0.1358,42.7243],[0.1332,42.7158],[0.1158,42.7108],[0.0779,42.7143],[0.0595,42.6976],[0.0149,42.702],[-0.0008,42.6851],[-0.0558,42.6922],[-0.0688,42.7181],[-0.1066,42.7208],[-0.1226,42.7521],[-0.1494,42.7692],[-0.1608,42.7985],[-0.1759,42.7864],[-0.1882,42.7869],[-0.2384,42.8086],[-0.2432,42.8235],[-0.2561,42.819],[-0.3134,42.8494],[-0.3253,42.8344],[-0.3467,42.8373],[-0.3836,42.8013],[-0.3948,42.7993],[-0.4083,42.8085],[-0.442,42.7954],[-0.5048,42.8273],[-0.5257,42.8111],[-0.5266,42.7941],[-0.5444,42.7923],[-0.5529,42.7752],[-0.574,42.7655],[-0.5824,42.7716],[-0.5717,42.7923],[-0.6007,42.8066],[-0.6015,42.8315],[-0.6552,42.8596],[-0.677,42.8834],[-0.6957,42.8787],[-0.7236,42.8899],[-0.7336,42.9122],[-0.7177,42.9247],[-0.7294,42.9284],[-0.7307,42.9479],[-0.7515,42.9675],[-0.7888,42.9636],[-0.8135,42.9513],[-0.8865,42.9529],[-0.9101,42.9641],[-0.9349,42.9528],[-0.9736,42.9626],[-1.0061,42.9883],[-1.0486,42.9709],[-1.0629,42.9864]],[[-0.6903,45.9656],[-0.6897,45.9665],[-0.6896,45.9667],[-0.6903,45.9656]]],[[[-1.3076,45.9914],[-1.24,45.9861],[-1.2328,45.9644],[-1.2364,45.9681],[-1.242,45.956],[-1.2249,45.9391],[-1.232,45.9227],[-1.1879,45.8867],[-1.2091,45.8453],[-1.196,45.8291],[-1.2304,45.8002],[-1.246,45.8104],[-1.2554,45.8557],[-1.2699,45.8812],[-1.2934,45.8999],[-1.3413,45.9187],[-1.387,45.9536],[-1.3961,45.9771],[-1.3874,45.9982],[-1.4134,46.047],[-1.37,46.0392],[-1.3696,46.0295],[-1.3076,45.9914]]],[[[-1.1051,45.9543],[-1.1162,45.952],[-1.1201,45.9613],[-1.1051,45.9543]]],[[[-1.1753,46.0081],[-1.1747,46.0242],[-1.1543,46.0192],[-1.1706,46.0191],[-1.1753,46.0081]]]]}},{"type":"Feature","properties":{},"geometry":{"type":"MultiPolygon","coordinates":[[[[2.0857,42.3625],[2.0299,42.3552],[1.9873,42.3617],[1.9626,42.3812],[1.9556,42.4256],[1.8768,42.4574],[1.8116,42.4603],[1.7865,42.4851],[1.7305,42.4924],[1.7198,42.5146],[1.7832,42.5276],[1.7907,42.5361],[1.7789,42.5426],[1.7915,42.5585],[1.8298,42.5639],[1.859,42.5835],[1.8733,42.5821],[1.8739,42.5895],[1.8916,42.5934],[1.8931,42.6063],[1.9097,42.6216],[1.9127,42.6118],[1.933,42.6046],[1.9501,42.6173],[1.9722,42.6172],[2.0022,42.6612],[2.0069,42.6714],[1.9828,42.6716],[1.9669,42.7001],[1.9679,42.7121],[1.9922,42.7344],[1.9491,42.7369],[1.9465,42.7458],[1.9122,42.7563],[1.9069,42.7672],[1.9451,42.7832],[1.9232,42.8001],[1.9209,42.8286],[1.9018,42.835],[1.9164,42.8473],[1.9383,42.8501],[1.9432,42.8631],[1.9739,42.8732],[1.9503,42.8945],[1.9767,42.9031],[2.0144,42.8936],[2.0159,42.8786],[2.0356,42.8617],[2.0471,42.8643],[2.0674,42.8504],[2.0711,42.8636],[2.0785,42.8635],[2.0725,42.871],[2.0965,42.8651],[2.089,42.8729],[2.1095,42.8745],[2.1165,42.896],[2.1071,42.9144],[2.0741,42.9299],[2.0833,42.9427],[2.0774,42.949],[2.0844,42.9596],[2.0805,42.9736],[2.0916,42.9844],[2.0874,43.0033],[2.0981,43.0086],[2.0911,43.0154],[2.0951,43.0209],[2.0586,43.0487],[2.0409,43.0739],[2.0231,43.0781],[1.9981,43.1121],[2.0033,43.1471],[2.0131,43.1458],[2.0243,43.1637],[2.0488,43.1666],[2.0371,43.1718],[2.0355,43.1815],[1.9835,43.1979],[1.9827,43.2171],[1.9537,43.2282],[1.9409,43.2483],[1.9093,43.2613],[1.9123,43.2698],[1.8397,43.322],[1.7981,43.34],[1.7995,43.3486],[1.8321,43.3537],[1.8234,43.3624],[1.8362,43.3744],[1.8299,43.3804],[1.8715,43.401],[1.8713,43.4253],[1.8864,43.431],[1.8849,43.4454],[1.9105,43.4232],[1.9207,43.4285],[1.9494,43.4192],[1.9678,43.4037],[2.0186,43.4159],[2.0325,43.406],[2.0529,43.4129],[2.064,43.4045],[2.084,43.4065],[2.1034,43.3936],[2.1423,43.3933],[2.1679,43.4047],[2.1654,43.4143],[2.1898,43.4307],[2.2072,43.429],[2.2146,43.4464],[2.2552,43.4722],[2.2694,43.4588],[2.3055,43.4549],[2.3117,43.4414],[2.3318,43.4424],[2.3347,43.4309],[2.3805,43.4222],[2.4048,43.396],[2.4264,43.3858],[2.4522,43.3893],[2.4551,43.4133],[2.4714,43.4283],[2.4699,43.4374],[2.497,43.4371],[2.5183,43.4221],[2.5661,43.4225],[2.5873,43.4119],[2.601,43.423],[2.5998,43.4303],[2.6228,43.4284],[2.635,43.4366],[2.6946,43.4307],[2.7221,43.4386],[2.7189,43.4467],[2.6778,43.4629],[2.6689,43.473],[2.6745,43.4799],[2.6575,43.4888],[2.6708,43.5037],[2.6712,43.5154],[2.6843,43.5117],[2.694,43.5261],[2.7322,43.526],[2.778,43.5389],[2.7905,43.5596],[2.7803,43.5748],[2.7897,43.5802],[2.8321,43.5861],[2.8399,43.5989],[2.8549,43.6037],[2.9082,43.6032],[2.9062,43.6118],[2.9302,43.6248],[2.9293,43.6311],[2.9501,43.6333],[2.9226,43.6862],[2.9838,43.709],[3.009,43.7017],[3.0364,43.7214],[3.023,43.7456],[3.0325,43.748],[3.0604,43.7852],[3.0484,43.8014],[3.0642,43.8093],[3.0663,43.823],[3.0591,43.8312],[3.0644,43.8356],[3.0762,43.8358],[3.0889,43.8497],[3.1188,43.8439],[3.1576,43.8633],[3.2087,43.8722],[3.2373,43.8642],[3.2425,43.8794],[3.3127,43.9042],[3.3467,43.9462],[3.3369,43.9519],[3.3365,43.9746],[3.3495,43.9899],[3.3558,43.9812],[3.3697,43.981],[3.4166,44.0154],[3.4998,44.0343],[3.5257,44.0286],[3.54,44.0409],[3.5392,44.0504],[3.5542,44.0577],[3.5647,44.0505],[3.5759,44.0669],[3.5917,44.0675],[3.5382,44.0961],[3.5418,44.117],[3.5641,44.1235],[3.625,44.1178],[3.6341,44.1236],[3.6357,44.1408],[3.6538,44.146],[3.6186,44.1558],[3.6035,44.1752],[3.6097,44.1816],[3.6055,44.2133],[3.6224,44.2233],[3.6136,44.2347],[3.6255,44.2473],[3.6432,44.2414],[3.6529,44.2474],[3.6652,44.2333],[3.6865,44.2266],[3.6945,44.2369],[3.7198,44.2372],[3.7303,44.2472],[3.7637,44.2404],[3.7665,44.2564],[3.8017,44.2666],[3.7842,44.2777],[3.8152,44.3011],[3.8166,44.3268],[3.837,44.3391],[3.8375,44.35],[3.8498,44.3565],[3.8464,44.3674],[3.8593,44.3687],[3.874,44.394],[3.8276,44.4151],[3.7934,44.4079],[3.7774,44.4258],[3.7597,44.418],[3.7504,44.4266],[3.7488,44.4588],[3.7375,44.4759],[3.7461,44.4843],[3.7656,44.4843],[3.7862,44.5153],[3.775,44.5339],[3.7359,44.5385],[3.723,44.555],[3.7266,44.5732],[3.7482,44.5986],[3.7629,44.6003],[3.7914,44.591],[3.7989,44.5705],[3.836,44.5653],[3.8397,44.5526],[3.866,44.5637],[3.8894,44.5521],[3.9077,44.5602],[3.8983,44.5754],[3.9084,44.5883],[3.9478,44.5954],[3.9598,44.6184],[4.0507,44.6355],[4.0471,44.6507],[4.0272,44.6524],[4.022,44.665],[4.0265,44.6782],[4.0182,44.6873],[4.0242,44.7013],[4.0663,44.6969],[4.0879,44.7112],[4.1143,44.7091],[4.1189,44.7264],[4.1473,44.7335],[4.1536,44.7494],[4.1816,44.7509],[4.1851,44.7422],[4.2051,44.7513],[4.1985,44.762],[4.2299,44.773],[4.2443,44.7961],[4.2396,44.8006],[4.2465,44.8159],[4.1793,44.8819],[4.1908,44.9137],[4.2031,44.9243],[4.2031,44.9374],[4.2282,44.9527],[4.2415,44.974],[4.26,44.9838],[4.2838,44.9823],[4.3225,45.0046],[4.3398,45.0254],[4.3644,45.021],[4.382,45.0329],[4.3708,45.0394],[4.3807,45.0421],[4.3778,45.057],[4.3951,45.0711],[4.3824,45.0862],[4.4087,45.1018],[4.398,45.1139],[4.4042,45.1331],[4.433,45.1373],[4.4472,45.1528],[4.4441,45.1603],[4.472,45.1779],[4.481,45.1967],[4.477,45.2152],[4.4905,45.2253],[4.4571,45.2557],[4.4714,45.2912],[4.4815,45.2966],[4.4739,45.3118],[4.4824,45.3289],[4.5245,45.3439],[4.5302,45.3582],[4.4282,45.4193],[4.4211,45.4327],[4.4362,45.4424],[4.4417,45.4606],[4.4568,45.4684],[4.4487,45.5109],[4.4729,45.5245],[4.4874,45.5204],[4.4853,45.5339],[4.5034,45.5505],[4.4968,45.5658],[4.5632,45.5809],[4.5737,45.5888],[4.5734,45.6052],[4.6035,45.6255],[4.5848,45.6481],[4.5672,45.6503],[4.5665,45.6773],[4.5797,45.6839],[4.5593,45.7065],[4.5377,45.6866],[4.4771,45.6824],[4.4118,45.6531],[4.3664,45.6532],[4.3655,45.6712],[4.4001,45.6882],[4.4182,45.7216],[4.4503,45.7343],[4.4454,45.7924],[4.3998,45.8202],[4.3975,45.8314],[4.3787,45.8428],[4.3791,45.8505],[4.3612,45.8561],[4.3619,45.8664],[4.3433,45.8753],[4.3177,45.9071],[4.3496,45.9176],[4.367,45.9088],[4.3776,45.9174],[4.39,45.9406],[4.3923,45.9548],[4.3849,45.9612],[4.4154,45.9826],[4.4267,46.0169],[4.4229,46.0297],[4.4335,46.0372],[4.4308,46.0444],[4.4444,46.0662],[4.4436,46.0883],[4.4279,46.1044],[4.4326,46.1201],[4.4173,46.138],[4.4362,46.1662],[4.4889,46.2],[4.483,46.2265],[4.4921,46.2398],[4.4793,46.2389],[4.4637,46.2549],[4.4735,46.2818],[4.4276,46.326],[4.4372,46.3369],[4.4328,46.3466],[4.4432,46.3481],[4.4504,46.3608],[4.4489,46.3744],[4.4728,46.3974],[4.4842,46.4232],[4.473,46.4368],[4.4808,46.4514],[4.4777,46.4635],[4.4594,46.4778],[4.485,46.4959],[4.4617,46.5087],[4.4745,46.5244],[4.4671,46.529],[4.4669,46.5471],[4.48,46.5511],[4.4629,46.5623],[4.4592,46.5756],[4.4723,46.5814],[4.4739,46.6063],[4.4848,46.6149],[4.4795,46.6319],[4.5343,46.6576],[4.5099,46.6777],[4.5221,46.6914],[4.5122,46.7075],[4.5133,46.723],[4.5361,46.7359],[4.4649,46.7529],[4.4751,46.7799],[4.4998,46.7976],[4.4963,46.8164],[4.5224,46.8354],[4.5189,46.8446],[4.5299,46.8626],[4.5248,46.8677],[4.5354,46.874],[4.5327,46.882],[4.5722,46.9067],[4.5929,46.9336],[4.5804,46.9554],[4.6035,46.9729],[4.6262,46.9676],[4.6371,46.9777],[4.6342,46.9927],[4.661,47.058],[4.6272,47.0656],[4.6131,47.0734],[4.6025,47.0971],[4.5825,47.1007],[4.571,47.1254],[4.5808,47.1417],[4.574,47.1696],[4.5632,47.1812],[4.5705,47.194],[4.5538,47.2025],[4.5599,47.213],[4.5561,47.2439],[4.5953,47.2902],[4.6179,47.2817],[4.6574,47.2947],[4.6911,47.2901],[4.72,47.321],[4.7755,47.3528],[4.7791,47.3674],[4.7716,47.3759],[4.7785,47.3987],[4.7611,47.4461],[4.7412,47.4564],[4.7469,47.4651],[4.739,47.4691],[4.7398,47.4832],[4.7423,47.4972],[4.7834,47.5335],[4.7672,47.546],[4.7989,47.5651],[4.7926,47.5714],[4.7979,47.5862],[4.825,47.6026],[4.8593,47.5925],[4.8806,47.5986],[4.9001,47.6296],[4.9321,47.6466],[4.9344,47.6585],[4.9476,47.6604],[4.9375,47.6664],[4.9514,47.69],[4.9801,47.6729],[4.9861,47.6854],[5.0127,47.6927],[5.0313,47.7108],[5.0581,47.7159],[5.0619,47.7233],[5.0755,47.7191],[5.0903,47.7252],[5.1062,47.7163],[5.1579,47.7207],[5.1697,47.7307],[5.1718,47.7671],[5.2446,47.7951],[5.2628,47.7946],[5.271,47.8071],[5.3103,47.8155],[5.3503,47.8106],[5.3701,47.7971],[5.4022,47.8042],[5.4143,47.8318],[5.4739,47.8512],[5.4726,47.8634],[5.4811,47.8698],[5.4681,47.877],[5.4725,47.8921],[5.5109,47.9069],[5.496,47.9113],[5.5048,47.9415],[5.5254,47.9384],[5.542,47.9521],[5.5541,47.9475],[5.6107,47.9718],[5.6353,47.9707],[5.6472,47.9961],[5.6195,48.0068],[5.6655,48.0293],[5.676,48.043],[5.741,48.051],[5.7753,48.0371],[5.8213,48.0462],[5.8259,48.0712],[5.8552,48.0842],[5.8617,48.096],[5.8805,48.0982],[5.91,48.131],[5.9478,48.1425],[5.9677,48.1392],[5.9816,48.1679],[6.0626,48.1613],[6.077,48.1389],[6.1064,48.131],[6.126,48.107],[6.1738,48.1033],[6.188,48.0904],[6.2325,48.1076],[6.2353,48.1148],[6.2182,48.1223],[6.2471,48.1271],[6.248,48.1563],[6.272,48.1573],[6.301,48.1721],[6.312,48.169],[6.3407,48.1365],[6.3796,48.1313],[6.3917,48.1376],[6.4061,48.1274],[6.4025,48.1188],[6.4161,48.1143],[6.4274,48.1234],[6.444,48.1222],[6.4331,48.1158],[6.4319,48.0878],[6.4464,48.0796],[6.4394,48.0636],[6.4675,48.0456],[6.4682,48.0354],[6.4574,48.0323],[6.4837,48.0325],[6.4933,48.0073],[6.5056,48.0056],[6.4987,47.9956],[6.5358,47.9973],[6.544,48.0082],[6.5674,48.0048],[6.5664,47.992],[6.5901,47.9829],[6.5942,47.9688],[6.6039,47.9646],[6.5973,47.9464],[6.6394,47.9178],[6.6333,47.9079],[6.6721,47.893],[6.6697,47.8879],[6.6945,47.89],[6.6941,47.8834],[6.7332,47.8631],[6.7848,47.8509],[6.7916,47.8302],[6.8227,47.8131],[6.8449,47.825],[6.8429,47.8122],[6.8697,47.7823],[6.9406,47.7716],[6.9727,47.7517],[7.0098,47.754],[7.0171,47.7378],[7.0414,47.73],[7.0443,47.7176],[7.0312,47.6949],[7.0569,47.6817],[7.0637,47.6607],[7.0481,47.6312],[7.0843,47.6216],[7.0899,47.599],[7.1209,47.5758],[7.11,47.5574],[7.1551,47.5248],[7.1317,47.5027],[7.1634,47.4943],[7.16,47.4883],[7.1931,47.4666],[7.1886,47.447],[7.1704,47.4433],[7.1977,47.4352],[7.2311,47.4392],[7.2454,47.4263],[7.2169,47.3935],[7.2274,47.3852],[7.211,47.3795],[7.2099,47.3663],[7.1923,47.3605],[7.1505,47.3203],[6.9859,47.2626],[6.974,47.237],[6.9525,47.2274],[6.9093,47.182],[6.8749,47.1649],[6.8691,47.1524],[6.8556,47.1481],[6.8575,47.1399],[6.84,47.1354],[6.8305,47.0829],[6.8017,47.0448],[6.7458,47.0276],[6.6536,47.0217],[6.6403,47.0028],[6.6187,46.992],[6.594,46.9921],[6.4754,46.9594],[6.4842,46.9579],[6.443,46.918],[6.4531,46.908],[6.4744,46.9137],[6.4887,46.9076],[6.4647,46.8885],[6.46,46.8523],[6.431,46.8123],[6.4348,46.8015],[6.4555,46.7903],[6.4805,46.7881],[6.4465,46.759],[6.4007,46.7507],[6.3845,46.7313],[6.368,46.7293],[6.3717,46.7241],[6.2692,46.6826],[6.2272,46.6478],[6.1116,46.5776],[6.1566,46.5453],[6.1438,46.5276],[6.1379,46.5309],[6.1127,46.5096],[6.0968,46.4812],[6.0727,46.4657],[6.0862,46.4426],[6.064,46.4162],[6.0982,46.4088],[6.169,46.3687],[6.1926,46.3717],[6.217,46.3589],[6.1975,46.3195],[6.1704,46.2959],[6.171,46.2737],[6.1518,46.2511],[6.1535,46.211],[6.1208,46.201],[6.1729,46.2121],[6.1932,46.2379],[6.1982,46.2635],[6.2355,46.289],[6.2766,46.3497],[6.3049,46.3666],[6.3447,46.3699],[6.3597,46.3495],[6.3893,46.3403],[6.4129,46.3596],[6.478,46.3755],[6.4854,46.3942],[6.5112,46.4045],[6.5448,46.3947],[6.7243,46.4079],[6.8052,46.3941],[6.806,46.3787],[6.7716,46.3612],[6.7721,46.3504],[6.7845,46.3327],[6.7965,46.333],[6.8004,46.32],[6.825,46.3119],[6.8289,46.3009],[6.8589,46.2906],[6.8648,46.2802],[6.8555,46.2549],[6.821,46.2319],[6.8217,46.2231],[6.8037,46.2043],[6.8127,46.1816],[6.792,46.1629],[6.7965,46.1386],[6.8152,46.1293],[6.8999,46.1239],[6.8828,46.0951],[6.8915,46.0739],[6.8804,46.0693],[6.8756,46.0477],[6.8913,46.0424],[6.9241,46.0651],[6.9375,46.0644],[6.9355,46.0556],[6.9499,46.0517],[6.9629,46.0305],[6.9815,46.0198],[6.9851,46.0047],[7.0105,45.9974],[7.0233,45.9793],[7.009,45.969],[7.0374,45.9545],[7.0357,45.9384],[7.0449,45.9224],[7.021,45.9162],[7.0074,45.9033],[7.0068,45.8871],[6.9914,45.868],[6.9513,45.8612],[6.9414,45.8469],[6.9133,45.8408],[6.8791,45.8491],[6.8685,45.8247],[6.8432,45.8405],[6.8189,45.8362],[6.8036,45.8159],[6.8131,45.8075],[6.8131,45.7955],[6.8008,45.7808],[6.8056,45.7476],[6.8172,45.7403],[6.8084,45.7252],[6.8471,45.6897],[6.8931,45.6755],[6.903,45.6807],[6.9021,45.6637],[6.9163,45.66],[6.9148,45.6517],[6.9308,45.6457],[6.9699,45.6541],[7.0011,45.6396],[6.9846,45.6202],[6.9778,45.5899],[6.9954,45.5756],[6.9912,45.5304],[7.0052,45.518],[7.0,45.5048],[7.0532,45.4958],[7.0488,45.4727],[7.103,45.4684],[7.0992,45.4588],[7.1144,45.4335],[7.1522,45.4232],[7.1859,45.4032],[7.1632,45.3814],[7.1583,45.3692],[7.1645,45.3605],[7.1339,45.3472],[7.1317,45.3292],[7.1107,45.3265],[7.1224,45.295],[7.1362,45.2815],[7.1281,45.2718],[7.1376,45.2557],[7.0808,45.2245],[7.0799,45.2128],[7.0522,45.2072],[7.0119,45.1838],[6.9649,45.1957],[6.9351,45.1923],[6.9265,45.1837],[6.9326,45.1728],[6.8916,45.167],[6.8841,45.1567],[6.8978,45.1428],[6.8939,45.1372],[6.8479,45.1272],[6.8473,45.1356],[6.7679,45.1597],[6.74,45.1367],[6.7113,45.1448],[6.6801,45.1401],[6.6728,45.1246],[6.6341,45.1155],[6.6267,45.103],[6.6468,45.085],[6.6452,45.0756],[6.6621,45.0716],[6.6742,45.0542],[6.6642,45.0339],[6.6739,45.0196],[6.7233,45.022],[6.7454,45.0143],[6.7517,44.9966],[6.7292,44.9863],[6.7492,44.9715],[6.7594,44.949],[6.7489,44.9224],[6.7507,44.9057],[6.7723,44.903],[6.7848,44.8884],[6.8015,44.891],[6.8064,44.8763],[6.8632,44.8506],[6.9125,44.8448],[6.9312,44.8635],[7.0012,44.8423],[7.0098,44.826],[7.0241,44.8228],[6.9994,44.7897],[7.0246,44.7696],[7.0213,44.7515],[7.0299,44.7298],[7.0424,44.7184],[7.0658,44.7136],[7.0771,44.6809],[6.9969,44.6908],[6.9626,44.6778],[6.9476,44.6537],[6.9684,44.6198],[6.9493,44.6192],[6.9503,44.61],[6.9334,44.5962],[6.9329,44.5734],[6.9127,44.569],[6.9155,44.5591],[6.8786,44.5543],[6.8698,44.5368],[6.8534,44.5289],[6.8582,44.507],[6.8767,44.4813],[6.9062,44.4677],[6.9119,44.4512],[6.9481,44.4297],[6.8927,44.4207],[6.8968,44.3751],[6.8874,44.3611],[6.9219,44.3515],[6.9268,44.3328],[6.9605,44.3109],[6.9575,44.2951],[6.9705,44.2942],[6.9719,44.2836],[6.9957,44.2799],[6.9967,44.2519],[7.0085,44.2352],[7.0382,44.2238],[7.0768,44.2322],[7.1431,44.2002],[7.1627,44.208],[7.1777,44.1972],[7.1883,44.2008],[7.1936,44.1871],[7.2194,44.1685],[7.2409,44.1734],[7.2486,44.1585],[7.2803,44.1412],[7.3442,44.1452],[7.358,44.116],[7.3929,44.125],[7.4252,44.112],[7.4304,44.1302],[7.4607,44.1258],[7.507,44.1444],[7.5213,44.1376],[7.5342,44.1479],[7.5559,44.1466],[7.5642,44.1555],[7.6201,44.1495],[7.6366,44.1771],[7.6846,44.174],[7.6718,44.1584],[7.6794,44.1467],[7.6666,44.1308],[7.7188,44.0825],[7.7144,44.0612],[7.7005,44.0407],[7.6627,44.0289],[7.6704,43.9983],[7.6528,43.974],[7.6112,43.954],[7.5985,43.9574],[7.5691,43.9473],[7.5736,43.9357],[7.558,43.9176],[7.5611,43.8987],[7.512,43.8853],[7.4979,43.8716],[7.4967,43.8498],[7.5079,43.8415],[7.5298,43.784],[7.4906,43.7675],[7.4819,43.7571],[7.4867,43.749],[7.4534,43.7585],[7.4063,43.7187],[7.3599,43.7224],[7.3377,43.712],[7.33,43.6993],[7.3501,43.6862],[7.3347,43.6864],[7.3323,43.6751],[7.3241,43.6772],[7.3199,43.6906],[7.3264,43.6963],[7.3144,43.7067],[7.304,43.6851],[7.2769,43.6945],[7.2414,43.6885],[7.2125,43.6476],[7.2005,43.6455],[7.1945,43.658],[7.1569,43.6535],[7.1364,43.6363],[7.1265,43.6059],[7.1324,43.588],[7.1245,43.5756],[7.1405,43.5696],[7.1346,43.5555],[7.1451,43.5516],[7.1385,43.5456],[7.1195,43.5422],[7.1218,43.5595],[7.0962,43.571],[7.0704,43.5636],[7.0382,43.5347],[7.0325,43.5458],[7.0166,43.5508],[6.9633,43.5422],[6.9375,43.5145],[6.9571,43.5001],[6.9461,43.4916],[6.949,43.4851],[6.9311,43.4836],[6.9333,43.4777],[6.9241,43.4735],[6.924,43.4505],[6.899,43.4419],[6.8907,43.4281],[6.8708,43.4251],[6.8597,43.4333],[6.8562,43.4112],[6.8291,43.4185],[6.7888,43.4077],[6.764,43.4244],[6.7469,43.4189],[6.7141,43.3722],[6.7161,43.3467],[6.6809,43.3408],[6.6651,43.325],[6.6713,43.3126],[6.6355,43.3077],[6.5839,43.2773],[6.5896,43.267],[6.5816,43.2678],[6.5934,43.2622],[6.6402,43.2744],[6.6643,43.2646],[6.6777,43.2789],[6.6976,43.2665],[6.6911,43.2523],[6.6645,43.2413],[6.6639,43.213],[6.6812,43.1998],[6.6425,43.1866],[6.6398,43.173],[6.6464,43.1674],[6.6328,43.1718],[6.6209,43.1578],[6.6018,43.1821],[6.5615,43.1891],[6.5383,43.18],[6.5347,43.1633],[6.5242,43.166],[6.4936,43.1502],[6.4642,43.1576],[6.439,43.1422],[6.4304,43.1514],[6.3852,43.1443],[6.3679,43.1363],[6.3672,43.1225],[6.3598,43.1199],[6.3592,43.1059],[6.3693,43.1026],[6.3644,43.0863],[6.3216,43.0914],[6.3248,43.0986],[6.3167,43.1062],[6.2894,43.1068],[6.275,43.1208],[6.2395,43.1133],[6.2016,43.1161],[6.1705,43.0998],[6.1548,43.0799],[6.1525,43.0361],[6.173,43.0324],[6.1488,43.0259],[6.1347,43.0362],[6.0973,43.0271],[6.091,43.0357],[6.1291,43.0437],[6.1331,43.0564],[6.1241,43.0793],[6.0788,43.0877],[6.0215,43.0783],[6.0168,43.0836],[6.0237,43.0944],[6.0063,43.104],[5.9558,43.1082],[5.9254,43.1024],[5.9344,43.1185],[5.9227,43.1151],[5.9279,43.1219],[5.9209,43.1239],[5.9075,43.1189],[5.911,43.1151],[5.8856,43.1171],[5.8917,43.108],[5.8812,43.1094],[5.887,43.1066],[5.8804,43.1055],[5.8822,43.1013],[5.9105,43.1007],[5.8948,43.0817],[5.9379,43.0846],[5.951,43.0768],[5.947,43.0677],[5.9299,43.0719],[5.9113,43.0658],[5.8902,43.078],[5.8723,43.0692],[5.8592,43.0457],[5.8298,43.049],[5.8155,43.0638],[5.7923,43.0685],[5.8122,43.0942],[5.8042,43.1004],[5.8139,43.1068],[5.8089,43.1148],[5.7667,43.1153],[5.781,43.1301],[5.7713,43.1389],[5.7512,43.1298],[5.7493,43.1355],[5.7241,43.1362],[5.7165,43.148],[5.6949,43.1436],[5.6822,43.1555],[5.695,43.1683],[5.6867,43.1797],[5.6232,43.1868],[5.6127,43.1805],[5.6146,43.1692],[5.6055,43.1602],[5.5693,43.1749],[5.5491,43.1939],[5.5499,43.2074],[5.5376,43.2125],[5.5142,43.2032],[5.514,43.2041],[5.516,43.2049],[5.5164,43.2065],[5.5191,43.2079],[5.5213,43.2109],[5.5124,43.2045],[5.5097,43.1975],[5.5108,43.2038],[5.4983,43.2022],[5.5003,43.1968],[5.4546,43.2119],[5.4435,43.2127],[5.4552,43.2028],[5.4515,43.2009],[5.4026,43.2137],[5.3636,43.2071],[5.3372,43.2133],[5.3761,43.2558],[5.3702,43.2675],[5.3455,43.2816],[5.3607,43.3091],[5.3092,43.3591],[5.2885,43.3573],[5.2294,43.3287],[5.1744,43.3342],[5.1485,43.3257],[5.0885,43.3325],[5.0524,43.3243],[5.0509,43.3316],[5.041,43.3273],[5.0188,43.3422],[5.0257,43.3551],[5.0168,43.3543],[5.0095,43.365],[5.0144,43.3693],[4.9738,43.4021],[4.97,43.4249],[4.9301,43.4331],[4.9106,43.4273],[4.902,43.4114],[4.898,43.4169],[4.8884,43.4122],[4.8941,43.4043],[4.8766,43.4127],[4.8517,43.3911],[4.8718,43.3899],[4.8546,43.3882],[4.8508,43.3779],[4.8287,43.3758],[4.849,43.3709],[4.8516,43.3761],[4.8842,43.3552],[4.883,43.3637],[4.8903,43.3613],[4.9166,43.3832],[4.915,43.3751],[4.8542,43.3325],[4.8372,43.3287],[4.7649,43.3497],[4.6596,43.3453],[4.5964,43.3557],[4.5628,43.3721],[4.5588,43.3859],[4.5963,43.4055],[4.5825,43.4314],[4.5473,43.4486],[4.467,43.4561],[4.4013,43.4468],[4.196,43.4652],[4.125,43.4908],[4.1107,43.509],[4.1215,43.5105],[4.1226,43.5208],[4.1391,43.5319],[4.1174,43.5491],[4.0561,43.5575],[4.0035,43.5508],[3.8862,43.5068],[3.797,43.4412],[3.7252,43.4159],[3.7257,43.4013],[3.6916,43.3917],[3.6651,43.3933],[3.6434,43.3834],[3.5656,43.3254],[3.5096,43.2717],[3.4442,43.2803],[3.43,43.2902],[3.4086,43.2887],[3.3564,43.2745],[3.2809,43.2397],[3.1782,43.1663],[3.107,43.089],[3.064,43.0193],[3.0694,43.0124],[3.0552,42.9971],[3.0392,42.942],[3.0403,42.9298],[3.0606,42.9176],[3.0394,42.8019],[3.037,42.6263],[3.0552,42.5393],[3.0831,42.5317],[3.0856,42.5242],[3.1418,42.5158],[3.1229,42.5057],[3.1363,42.4985],[3.1275,42.4874],[3.1556,42.4772],[3.1624,42.465],[3.1571,42.4596],[3.1676,42.4567],[3.1598,42.452],[3.1691,42.4479],[3.1665,42.4403],[3.1768,42.4411],[3.1745,42.4352],[3.1209,42.4381],[3.0872,42.4251],[3.0575,42.4465],[3.04,42.4739],[3.0135,42.4664],[2.989,42.4739],[2.9673,42.4656],[2.9473,42.4822],[2.9183,42.4566],[2.8703,42.4677],[2.8566,42.455],[2.8388,42.4595],[2.8265,42.4393],[2.8152,42.4401],[2.804,42.4329],[2.8016,42.4199],[2.7784,42.4122],[2.7177,42.4218],[2.6731,42.4044],[2.6702,42.3868],[2.6515,42.3897],[2.6482,42.384],[2.6589,42.3798],[2.6566,42.372],[2.6486,42.376],[2.6512,42.3633],[2.6447,42.3602],[2.6205,42.3518],[2.5617,42.3575],[2.5688,42.3533],[2.554,42.3539],[2.5431,42.3334],[2.533,42.3329],[2.5001,42.3431],[2.4817,42.3404],[2.455,42.3695],[2.4339,42.3769],[2.4327,42.3946],[2.4129,42.3911],[2.3615,42.4029],[2.3135,42.4282],[2.291,42.4228],[2.2571,42.4387],[2.2064,42.4175],[2.1679,42.4248],[2.1289,42.4128],[2.115,42.3947],[2.1168,42.3834],[2.0893,42.3737],[2.0857,42.3625]]],[[[6.1965,42.9832],[6.1938,42.9904],[6.1609,43.0012],[6.1797,43.0087],[6.2107,43.0022],[6.2172,43.0136],[6.2341,43.0117],[6.2394,43.0251],[6.2429,43.0263],[6.25,42.9988],[6.1965,42.9832]]],[[[6.369,43.0018],[6.3832,43.0067],[6.3833,43.0138],[6.4088,43.0199],[6.4122,43.009],[6.4207,43.0137],[6.4027,42.9935],[6.3724,42.9957],[6.369,43.0018]]],[[[6.4369,43.0054],[6.434,43.0203],[6.458,43.0276],[6.4683,43.0453],[6.5083,43.0527],[6.5096,43.0447],[6.4854,43.04],[6.471,43.0166],[6.4518,43.018],[6.4369,43.0054]]]]}},{"type":"Feature","properties":{},"geometry":{"type":"Polygon","coordinates":[[[8.8906,41.5156],[8.8745,41.5247],[8.8425,41.5181],[8.8556,41.5344],[8.8536,41.547],[8.8465,41.5403],[8.8449,41.5469],[8.8216,41.5444],[8.8131,41.5487],[8.8165,41.5553],[8.7869,41.5562],[8.7825,41.5667],[8.7891,41.5636],[8.804,41.5754],[8.7916,41.579],[8.7922,41.5867],[8.7818,41.5853],[8.7821,41.5903],[8.7763,41.5889],[8.7741,41.5928],[8.7896,41.5968],[8.7849,41.6012],[8.7912,41.6156],[8.7856,41.6183],[8.8033,41.6411],[8.8205,41.6297],[8.8515,41.6481],[8.8707,41.6463],[8.882,41.6713],[8.9139,41.68],[8.9142,41.6905],[8.8434,41.6969],[8.8118,41.7142],[8.7829,41.6992],[8.788,41.7084],[8.771,41.7117],[8.7846,41.7322],[8.775,41.7414],[8.7121,41.7218],[8.703,41.7253],[8.7046,41.7394],[8.6587,41.7403],[8.6608,41.7503],[8.6846,41.747],[8.7301,41.7759],[8.7108,41.8011],[8.7379,41.7971],[8.7479,41.8107],[8.7713,41.8112],[8.7845,41.8312],[8.7509,41.845],[8.7884,41.8507],[8.7903,41.8663],[8.7784,41.8828],[8.8033,41.8938],[8.782,41.9234],[8.7693,41.9272],[8.7635,41.9204],[8.7505,41.9334],[8.7404,41.9313],[8.7414,41.9159],[8.7188,41.908],[8.6415,41.9099],[8.6066,41.8952],[8.6158,41.9028],[8.609,41.9099],[8.6234,41.9349],[8.6063,41.9421],[8.6068,41.9519],[8.5974,41.9527],[8.592,41.9644],[8.658,41.9736],[8.6696,41.9875],[8.6577,41.9931],[8.656,42.0093],[8.6851,42.0264],[8.7165,42.0297],[8.7263,42.0347],[8.7219,42.0426],[8.7413,42.0409],[8.747,42.0502],[8.7379,42.0652],[8.7189,42.0638],[8.7146,42.0816],[8.7034,42.0862],[8.7103,42.096],[8.7,42.1125],[8.6891,42.1152],[8.6802,42.1053],[8.6592,42.101],[8.6475,42.1209],[8.6239,42.1225],[8.6126,42.1345],[8.5805,42.1288],[8.5941,42.1432],[8.5855,42.1518],[8.5578,42.146],[8.5936,42.1679],[8.5612,42.1716],[8.5863,42.1806],[8.5776,42.1889],[8.5813,42.206],[8.5773,42.2077],[8.5711,42.2042],[8.5705,42.2055],[8.5675,42.2045],[8.5664,42.2056],[8.5778,42.2145],[8.5671,42.2196],[8.5726,42.2291],[8.5533,42.2269],[8.5399,42.2375],[8.5729,42.2385],[8.6087,42.2535],[8.6393,42.253],[8.6929,42.2684],[8.6873,42.2819],[8.6735,42.2838],[8.6745,42.2942],[8.6604,42.3024],[8.6389,42.2997],[8.6261,42.3122],[8.6045,42.3056],[8.5978,42.3188],[8.6282,42.3321],[8.6166,42.3488],[8.592,42.353],[8.5647,42.3331],[8.5531,42.3331],[8.5579,42.3601],[8.5432,42.367],[8.5446,42.3753],[8.5691,42.3694],[8.5782,42.3741],[8.5767,42.3833],[8.6088,42.3863],[8.602,42.3974],[8.6119,42.4034],[8.6011,42.409],[8.6086,42.4113],[8.6055,42.4163],[8.6226,42.422],[8.6462,42.4131],[8.6569,42.4168],[8.6639,42.4343],[8.6482,42.4424],[8.6688,42.4448],[8.6646,42.4568],[8.6797,42.47],[8.6495,42.477],[8.6647,42.4928],[8.6675,42.5162],[8.6839,42.5152],[8.6997,42.5269],[8.7201,42.5252],[8.7102,42.5355],[8.7228,42.5453],[8.7165,42.5491],[8.7228,42.5567],[8.7158,42.5604],[8.7182,42.5707],[8.7062,42.5696],[8.7244,42.5842],[8.727,42.5616],[8.7549,42.5716],[8.7629,42.5694],[8.7604,42.5586],[8.7807,42.5565],[8.8059,42.5729],[8.7979,42.583],[8.811,42.5896],[8.8103,42.5982],[8.801,42.6009],[8.8059,42.604],[8.8344,42.6017],[8.852,42.6123],[8.8668,42.6082],[8.8833,42.6252],[8.879,42.6291],[8.9115,42.629],[8.9213,42.6391],[8.9351,42.6394],[8.9307,42.6453],[8.9464,42.6337],[9.0161,42.6417],[9.0285,42.6526],[9.0596,42.6607],[9.0574,42.6966],[9.0702,42.6922],[9.0862,42.7153],[9.1,42.7152],[9.1237,42.7315],[9.1676,42.7367],[9.1987,42.725],[9.2222,42.7355],[9.2332,42.7203],[9.2578,42.7179],[9.2541,42.7062],[9.2706,42.7006],[9.2857,42.6754],[9.299,42.6771],[9.3229,42.697],[9.3225,42.7167],[9.3453,42.7367],[9.3375,42.7648],[9.3419,42.7973],[9.3094,42.8333],[9.3403,42.8657],[9.3298,42.8721],[9.3221,42.9002],[9.3615,42.9246],[9.3489,42.9293],[9.3591,42.9456],[9.3465,42.954],[9.3507,42.973],[9.3417,42.9785],[9.3401,42.9941],[9.3578,43.0073],[9.4271,43.0101],[9.4436,42.9934],[9.4636,42.9864],[9.4516,42.9618],[9.4694,42.9364],[9.469,42.9054],[9.4782,42.8805],[9.4728,42.8743],[9.4813,42.8679],[9.4802,42.8357],[9.4928,42.8064],[9.4657,42.7579],[9.4462,42.6735],[9.4643,42.6375],[9.5222,42.5744],[9.5334,42.5454],[9.5297,42.4894],[9.5435,42.4292],[9.5324,42.3712],[9.56,42.2824],[9.5524,42.2264],[9.5592,42.1952],[9.5499,42.1041],[9.4126,41.9526],[9.4136,41.9149],[9.3968,41.874],[9.405,41.8579],[9.4059,41.8179],[9.394,41.798],[9.3999,41.788],[9.3952,41.7757],[9.4081,41.7665],[9.4013,41.7172],[9.4065,41.7134],[9.4002,41.6929],[9.3722,41.6787],[9.3756,41.6707],[9.388,41.6705],[9.3811,41.6627],[9.3886,41.657],[9.3813,41.6509],[9.3859,41.6454],[9.3776,41.6485],[9.3677,41.6357],[9.3482,41.6374],[9.3545,41.6166],[9.3353,41.6215],[9.3272,41.6163],[9.3198,41.6152],[9.3274,41.6183],[9.3074,41.6282],[9.3072,41.6163],[9.2877,41.6091],[9.2809,41.5972],[9.2954,41.5838],[9.318,41.6048],[9.3339,41.6032],[9.3404,41.5942],[9.3694,41.5941],[9.3476,41.5752],[9.3432,41.5592],[9.3109,41.5504],[9.2872,41.5296],[9.2731,41.5302],[9.2845,41.5174],[9.2683,41.5004],[9.2858,41.4992],[9.2878,41.4841],[9.2668,41.4703],[9.2773,41.4635],[9.266,41.4661],[9.2438,41.4468],[9.2235,41.442],[9.2268,41.4172],[9.2098,41.4133],[9.2197,41.4133],[9.2199,41.4051],[9.2582,41.4283],[9.2656,41.4248],[9.2218,41.3773],[9.22,41.3664],[9.1806,41.3658],[9.1691,41.3845],[9.1268,41.3943],[9.1329,41.3998],[9.0945,41.393],[9.0953,41.4122],[9.1224,41.4416],[9.0987,41.4426],[9.0948,41.4499],[9.0827,41.4415],[9.0692,41.4452],[9.0675,41.4655],[9.08,41.4774],[9.0401,41.4568],[9.0388,41.4695],[9.0248,41.4613],[9.0143,41.4725],[9.018,41.478],[9.0037,41.4748],[8.9956,41.4855],[8.9827,41.4737],[8.9608,41.4926],[8.9407,41.4891],[8.9323,41.4958],[8.92,41.4891],[8.9148,41.5072],[8.8839,41.5047],[8.8906,41.5156]]]}}]}
